fips,homicide_per_100k,firearm_deaths_per_100k
01001,6.6161632869,17.362710567
01003,3.3882026693,14.343431644
01005,13.005813033,26.529463783
01007,9.5358580047,20.521971894
01009,5.9116795081,18.238190771
01011,19.470946566,27.535205727
01013,17.455434095,24.655592197
01015,10.470133943,26.571057476
01017,11.019096943,23.811224611
01019,8.2891704751,25.507246377
01021,5.1579127217,16.192947971
01025,10.795055864,22.094564737
01027,,23.816966612
01029,9.5411653579,28.049741542
01031,7.1044851161,22.767892718
01033,4.9228154359,20.548834124
01035,18.810472731,33.33777837
01037,17.441002455,26.299969943
01039,6.1332290684,22.63162716
01041,,21.984142105
01043,3.9085600865,17.453818141
01045,6.3870679294,25.64572266
01047,38.578958887,45.638353198
01049,3.7998784039,17.598453571
01051,8.8006598769,21.382151909
01053,13.882194158,22.305884401
01055,6.9572186709,21.245202775
01057,,18.384155309
01059,4.975934571,12.679092177
01061,5.3905740422,15.894881848
01065,17.368984783,36.678304104
01067,8.2899492655,25.509316698
01069,8.9525879083,20.605382353
01071,4.9425700815,23.110166162
01073,24.717972693,33.755202665
01075,,14.482678716
01077,6.3078961013,14.19156462
01079,6.0544205919,23.047483882
01081,8.6947448962,16.663949284
01083,6.582296256,18.628464293
01085,47.009886322,68.850998339
01087,41.500153704,46.712727589
01089,7.9297723885,18.238657635
01091,14.844063117,24.202119264
01093,,20.235541705
01095,5.0480230309,14.26654454
01097,17.086983447,25.451066937
01099,16.389300518,21.310808455
01101,24.11865875,33.069016984
01103,10.717934916,24.120957452
01105,,22.500225002
01107,,15.207120988
01109,13.79262784,22.332745841
01111,,24.773061066
01113,18.401385747,34.512987237
01115,5.1201556527,18.671313749
01117,3.7631735833,13.329145912
01119,22.640569637,30.549570698
01121,17.782677893,31.88997957
01123,8.0908425733,26.640223778
01125,8.2094007816,16.543810077
01127,8.8985388599,23.805720264
01129,13.167366,23.64419224
01131,30.907331757,53.464703748
01133,7.8382664166,24.540707957
02020,9.4330539097,20.978393635
02050,14.891916041,37.0887512
02070,,53.163211058
02090,8.4424667723,26.91225987
02110,5.3279580157,13.124753911
02122,4.1301833801,21.014171008
02130,,17.347056783
02150,,21.351227696
02158,26.007802341,74.686197509
02170,6.4101023213,25.949742159
02180,,38.223992597
02185,,34.169480624
02188,,41.906757465
02240,,37.544042049
02290,29.464548791,
04001,17.290081324,21.257961106
04003,3.1704872926,20.603916646
04005,6.3339244996,16.931625618
04007,8.244351954,35.276643149
04009,3.7327221623,14.016071762
04012,13.459522258,40.717016734
04013,6.1974818803,14.857080274
04015,5.3602385645,28.200020868
04017,13.656102912,23.974543394
04019,6.7323744574,19.091109977
04021,5.6207487031,15.590942983
04023,4.5961796555,6.8401792127
04025,2.9528358297,27.340522815
04027,3.9504988867,11.433830721
05001,12.099311146,28.628030277
05003,11.483610734,23.469627241
05005,6.8632531133,32.490491753
05007,2.515093179,11.424368893
05009,6.1004903269,18.109380659
05011,,22.400179201
05015,,19.113961687
05017,20.517871066,27.378507871
05019,,14.532507402
05021,,23.273961913
05023,7.9720749603,20.01889784
05027,11.540400513,21.43641103
05029,,9.5636123677
05031,7.6249873465,17.43970585
05033,2.9719991953,15.313642541
05035,25.414763022,31.641880527
05037,,14.496080018
05041,16.113438608,26.391259215
05043,14.889115273,29.93978776
05045,5.1708031176,16.440752635
05047,,23.732836074
05049,,24.459047402
05051,11.127633962,28.95537454
05053,,19.746152243
05055,5.3727588485,19.330717829
05057,7.99259353,14.140138196
05059,10.222292264,22.026300594
05061,11.891249122,21.267545725
05063,3.806522095,16.446757601
05065,,26.30348375
05067,8.4266585771,13.077801027
05069,34.390779916,45.632003245
05071,5.9605412171,18.906450881
05073,,30.370212895
05075,,26.807364714
05077,20.598954207,
05079,10.688442587,18.172456613
05081,,22.925263641
05083,,19.525801953
05085,4.8791912253,15.46782015
05087,10.449411785,25.301204819
05089,,29.900014352
05091,9.1998133752,20.308410913
05093,29.275113742,36.805119347
05095,,35.342974111
05101,,26.183493925
05103,7.2822162211,13.754093992
05107,49.96985945,74.211079143
05111,6.6400260772,21.258684172
05113,,27.220211511
05115,6.4848087764,16.248476705
05119,17.82044684,27.115573276
05121,,18.768975987
05123,22.087682436,28.275059782
05125,3.771161223,19.432315124
05129,,27.848806299
05131,6.5903378944,16.570863107
05133,,17.911303226
05135,8.242935804,27.508109161
05137,,30.32479451
05139,14.971863851,26.829570314
05141,,17.096313302
05143,3.2629522588,10.82055606
05145,4.5383911585,18.601948873
05149,8.0536912752,17.023691304
06001,6.5183258939,7.9522135726
06005,6.9473137663,21.596861926
06007,3.9277196561,12.899838207
06009,5.0046136282,18.719580681
06013,5.7806363135,8.0833648168
06015,10.310766502,17.244104672
06017,2.5588324499,9.8054146752
06019,8.0983528411,11.706426828
06021,8.092087961,15.534309641
06023,8.0853052203,14.559423035
06025,4.5775114753,6.6225896533
06029,11.472121788,15.413207012
06031,6.6899590311,8.5465365489
06033,9.6710523424,17.77728737
06035,5.9652729342,16.055178437
06037,6.2793965795,7.9431762186
06039,6.5528712042,10.899044433
06041,1.9242854166,5.1658268985
06043,,18.486424032
06045,6.6664932294,16.145941115
06047,7.8321208242,9.9221256932
06053,8.4402791138,9.0082098803
06055,1.4360034792,7.098301333
06057,2.8557476204,13.337102226
06059,2.2178201716,4.9097592544
06061,1.8189649653,7.3762076658
06063,,12.600409513
06065,4.5537447509,8.6315228911
06067,6.4055560551,9.920590243
06069,3.4594654434,8.5609108809
06071,7.0245034468,11.098886118
06073,2.8939832454,6.725618506
06075,4.9120390616,5.1950762683
06077,9.5501138434,12.023232343
06079,1.7674785958,9.6755922239
06081,2.1186218234,4.2326940651
06083,3.7779875237,7.1223252645
06085,2.4565207002,4.1474802286
06087,3.2462415591,6.0980896081
06089,5.6332619522,17.864930033
06093,7.1981049353,18.766105667
06095,7.8018121394,11.74966337
06097,2.2704953157,7.3559100493
06099,3.8367156461,7.5959837962
06101,5.0074522672,9.4674751067
06103,6.229115777,20.748301426
06105,,31.912468657
06107,7.9997964803,9.7340927633
06109,3.148755061,14.985927848
06111,3.2869003872,6.757448019
06113,2.5564449945,5.2884098116
06115,7.6770099143,15.604511214
08001,6.0325426213,14.410682705
08003,11.27063393,18.249507263
08005,5.2743395876,13.851395972
08007,,24.603806354
08013,1.8916897629,11.094071598
08014,3.0786408006,10.403954628
08015,,19.849934495
08019,,31.308050343
08021,,37.180249851
08029,,30.885844631
08031,7.7450296021,14.57448214
08035,1.1618315112,8.6982772294
08037,,10.524482123
08039,,12.021578734
08041,7.0933090549,21.474202621
08043,5.0733396004,31.542206377
08045,2.8676713075,14.594859956
08049,,17.89503285
08051,,16.181042753
08055,,40.874718986
08059,3.0956286751,13.548962953
08063,,30.995519739
08067,4.6006977725,22.425195953
08069,1.6748885995,12.39887869
08071,10.9495227,33.195020747
08075,,21.044156129
08077,5.1374645398,20.726167175
08081,,18.200846339
08083,,22.126594641
08085,,25.322866548
08087,,13.911398304
08089,,23.95705154
08093,,33.702612496
08097,,14.631565915
08101,9.396994841,26.488555875
08105,,21.230671243
08107,,14.932176483
08117,,9.7292038268
08119,,34.243302647
08123,3.139853155,12.426976059
09001,2.8801930182,4.4732627599
09003,4.1892418032,6.090618097
09005,1.490891828,6.6062488508
09007,1.7507983641,5.3991439903
09009,4.3798258228,6.8322894466
09011,2.184929211,5.7685377955
09013,1.041140181,5.8355747245
09015,1.5933500921,4.9731961874
10001,6.0687751934,12.500663752
10003,9.1722409262,13.339878767
10005,3.0981468125,9.8472404382
11001,22.321244037,20.602334204
12001,4.9471795491,10.911243668
12003,6.0154597315,15.95792658
12005,5.636468427,17.896190908
12007,7.7336330546,14.988865414
12009,5.9852057252,16.826859252
12011,6.4203626419,11.655869398
12015,1.6961239712,14.489764621
12017,3.7535911762,23.994930574
12019,4.2554238369,13.923430294
12021,1.9714413966,9.2939568917
12023,9.1372970251,19.163566678
12027,7.4063101763,16.191709845
12029,8.5571747632,24.89390455
12031,13.815813409,21.838811287
12033,8.7904914831,19.031276616
12035,2.9086567949,15.076918278
12037,,16.566988618
12039,12.866458711,21.622480319
12041,,21.780323656
12047,18.982536067,26.597233888
12049,,11.207411835
12051,9.1081062145,18.835938972
12053,3.8287081038,15.039638719
12055,6.0700455667,19.639135649
12057,5.7691188649,12.449316679
12059,,17.341630113
12061,4.6474287417,16.167459791
12063,9.5907161867,19.423378992
12065,,15.325456977
12069,4.715855706,16.622069545
12071,5.0878296078,13.166269163
12073,6.082167135,13.177182582
12075,5.540300492,17.703349282
12079,10.84447474,16.222178963
12081,5.3879741872,14.694154864
12083,7.6631046397,20.333413616
12085,3.5751026278,14.0570867
12086,8.0656791462,11.132027984
12087,4.4535412147,19.354602472
12089,5.818341407,16.04592298
12091,5.9437993042,16.713592066
12093,6.952749117,13.950825745
12095,7.5371305746,11.380944529
12097,4.6374059452,9.3923220686
12099,6.4593934155,12.440598822
12101,3.2769763867,13.808275519
12103,5.0259523921,13.431307719
12105,5.3105431307,12.053052228
12107,9.700638302,23.711367984
12109,2.895882445,11.469901629
12111,6.0032924724,13.566985623
12113,3.8931899368,15.091127611
12115,3.0452921958,12.672221247
12117,4.0292765388,10.824258783
12119,2.9871155748,12.556827207
12121,4.8435845109,20.708221164
12123,11.103273506,19.365547768
12127,5.6390868981,17.248717466
12129,5.2002756146,17.928751143
12131,4.0005120655,12.414347747
12133,8.5448662444,17.420499176
13001,,11.927092934
13003,17.164729913,
13005,,17.926608465
13009,13.689820504,20.581747569
13011,,13.717421125
13013,5.1069644907,13.723167596
13015,4.6915443626,15.385499445
13017,9.2513940169,21.363717287
13019,,17.821574589
13021,20.742333708,30.964787312
13025,,18.077413866
13027,,16.627442955
13029,4.7470203319,18.272597524
13031,5.5176777198,13.372559508
13033,12.521991748,19.249951875
13035,9.3128837927,20.901161622
13039,2.6486628226,15.416295024
13043,,22.035329979
13045,3.9743138889,14.845060931
13047,2.3384801155,15.091302379
13049,12.123483187,22.981109528
13051,13.934324525,19.52000044
13055,6.326565825,20.94679514
13057,2.4184844202,11.381253537
13059,5.4063186349,13.76654136
13063,16.068156843,22.309630209
13067,4.4973629958,11.019049017
13069,10.261366946,19.44588488
13071,9.6895287451,18.828186233
13073,3.1654349401,12.777919755
13075,10.786949451,26.674398376
13077,4.2271035984,15.982836059
13079,,19.543655641
13081,13.528835747,25.542318148
13083,,14.812986051
13085,,22.10702851
13087,10.571606779,22.93069014
13089,14.665578273,20.824343103
13091,9.7427903352,18.581725362
13093,10.78865034,20.033286075
13095,18.185592826,25.680534155
13097,6.8160602184,15.355970593
13099,,19.459417385
13103,5.2898857385,16.30226915
13107,9.4724478068,14.157913831
13109,,18.705574261
13111,,23.11034419
13113,4.5047017825,12.828869811
13115,6.5743626155,17.093564883
13117,1.1491951702,7.6236756938
13119,9.3102934604,25.755273392
13121,14.170549588,18.893173355
13123,,27.412455455
13127,7.2368520703,17.836188688
13129,3.4719466709,15.185295112
13131,10.307979521,20.062756302
13133,,21.815960557
13135,5.2044662327,11.403689765
13137,3.7933149147,11.836706064
13139,4.0423926426,12.746547647
13143,8.67754252,23.405735074
13145,,14.258663564
13147,,12.985723343
13149,,25.393600813
13151,9.352885613,20.255870798
13153,5.0186831888,16.881889764
13157,3.2298567962,18.780467225
13159,,29.173149589
13161,,14.617163207
13163,,12.948168482
13167,,25.017720886
13169,,20.278585813
13171,,17.891535199
13175,12.854738466,23.405500293
13177,,24.857559642
13179,10.044056886,22.042404475
13185,7.6143409972,15.168041448
13187,4.333600572,27.396933926
13189,16.648242612,29.868578256
13191,10.391769718,26.341206427
13193,16.447007741,17.155333749
13195,,19.976826881
13199,12.20297617,23.755000428
13205,11.650259218,20.096830182
13207,6.7227238408,29.5038319
13209,,22.192139544
13211,9.0206573052,17.559806636
13213,,11.012003083
13215,19.579368692,30.728789529
13217,12.589472864,22.580119101
13219,,14.375864411
13221,,21.132434324
13223,4.880778275,14.416861771
13225,6.7819953674,16.629431201
13227,,18.982303594
13229,8.0922219034,17.407509805
13231,,19.065574986
13233,7.7492217086,26.229016787
13237,,18.9593998
13241,,18.823972329
13245,15.172215228,22.493547903
13247,9.6057848871,19.920187906
13251,14.259523325,31.440249235
13255,8.8674915597,22.188506354
13257,,16.052345936
13261,14.365270522,20.315706072
13267,9.7282387882,15.269874948
13271,,18.440463646
13275,,10.719454022
13277,11.915776488,20.123291974
13279,9.5219454393,20.802377415
13285,11.44155409,22.020384585
13291,,17.908017908
13293,9.1584958517,16.551682629
13295,3.7290396894,10.959346592
13297,4.7327738482,15.532382919
13299,7.9919441203,12.838833564
13301,29.584207412,
13303,7.0283453167,12.870267702
13305,7.6338427333,18.00540162
13311,,19.364704154
13313,2.0580705177,11.345433847
13319,,24.668101902
13321,,23.620884799
15001,3.9173789174,6.8376203892
15003,2.5799614107,3.2192280006
15007,1.9776368821,5.5265412142
15009,1.633663792,4.0815983539
16001,1.3969148225,12.382326486
16003,,45.949547397
16005,2.8080886167,21.725558175
16009,,23.369946249
16011,3.3820866245,18.293824345
16013,,9.4960203042
16015,,48.82561546
16017,3.8128040314,24.746672224
16019,2.3089187455,18.9818091
16021,,19.565642731
16027,2.4213213915,15.04066631
16029,,28.182509934
16031,,14.876156001
16035,,31.962740577
16039,,15.231961006
16041,,14.276128885
16045,,25.103689151
16047,,19.508642329
16049,,25.176233635
16051,,14.614153143
16053,,16.488861774
16055,2.2808758212,14.965471664
16057,,9.96422842
16059,,34.931011253
16065,,8.4685557819
16067,,15.128020877
16069,3.5109031096,21.03615283
16073,,18.452350997
16075,,22.160573877
16079,,26.257664921
16083,2.8116554697,17.550377561
16085,,17.496894301
17001,3.2559997222,9.4773110117
17003,23.854392786,
17007,,6.0021757887
17011,,7.3148430357
17019,5.5423042027,9.0978216942
17021,,10.988742644
17027,,6.9516486102
17029,,6.7828258849
17031,15.439071589,17.685497029
17037,2.4740295619,8.483105125
17039,,15.373184043
17043,1.7573316183,4.6496499571
17049,4.590984975,11.706654648
17051,,10.26272578
17055,,11.475486795
17057,,9.3468317161
17061,,17.259775309
17063,,7.4046937964
17073,,8.5837260729
17075,,12.487879411
17077,4.0007501407,9.93989911
17081,4.5350102794,7.9874331052
17083,,12.902036679
17089,3.2071616188,6.2313908011
17091,8.4903725706,12.484256985
17093,3.4572053736,6.7835492763
17095,,7.2355991478
17097,3.0736812279,6.1898857267
17099,2.3477944428,7.7106381104
17103,,9.9752964717
17105,,10.614228653
17107,,9.0805585242
17109,,6.822073501
17111,1.1127477776,4.9271431128
17113,3.1551922841,8.9662078763
17115,9.2665523792,16.347128386
17117,4.1059849468,11.573146739
17119,4.5357645031,12.121395779
17121,4.1723404175,11.75452282
17125,,14.994077339
17131,,12.909388999
17133,,7.5257612597
17135,,12.681950766
17137,,9.5557758693
17141,,6.289703755
17143,11.249903628,15.223998355
17157,,7.6043699779
17161,10.448832069,9.2439564133
17163,17.060942675,24.921570352
17165,,17.796459352
17167,6.2714258524,10.973368558
17173,,13.994887201
17177,5.103179919,12.153567072
17179,1.9395882901,7.4372350485
17181,,14.300184711
17183,11.384505129,19.554836783
17189,,17.308274798
17191,,13.57421393
17193,,17.572633552
17195,3.073022702,9.3903496099
17197,3.8441792925,8.0307549025
17199,3.196242923,13.162815047
17201,9.7546455242,14.761502848
17203,,5.7302410869
18003,10.503659976,15.856108711
18005,2.5948953219,10.830481307
18011,3.820739398,11.366418354
18013,,22.361065439
18015,7.0961744524,11.870023245
18017,,9.5445651655
18019,4.6002559195,15.807910346
18021,,14.476300772
18023,,13.560408538
18027,,6.6060908157
18029,3.1591674732,12.028531677
18033,,10.621594163
18035,6.3601252571,13.171389634
18037,,9.8153774246
18039,5.4269552694,10.873628054
18041,,11.244702015
18043,4.2083537652,12.730290964
18047,,16.70829083
18049,,10.942116205
18051,,15.528321269
18053,6.8876452863,17.895924582
18055,,16.342539631
18057,1.4231486776,8.093425303
18059,2.2342915341,12.025196625
18061,3.563664873,18.389113645
18063,2.473531085,11.129191166
18065,4.4222610726,15.722815046
18067,6.5651260504,14.503543699
18069,,10.976406215
18071,3.5415667247,12.134013437
18073,,10.784254988
18075,,11.672129872
18077,,12.356662713
18079,,21.030341707
18081,2.2835033325,11.598675734
18083,3.858828614,14.170867966
18085,,9.5693779904
18087,,9.0502287697
18089,16.601524471,23.099247309
18091,5.9517956309,17.573195985
18093,,13.200158402
18095,5.5054559068,15.55830436
18097,19.635500506,27.212475131
18099,,10.81160561
18103,5.5981638023,14.01840336
18105,3.0373426583,9.3096102559
18107,3.7322067045,13.045497477
18109,,15.853648179
18113,3.0015788305,13.036877542
18117,,12.239652394
18119,,18.136347149
18127,2.7752338134,12.417848901
18129,,17.329247832
18131,,25.771950453
18133,,16.532892456
18135,,13.006438187
18137,,16.104412609
18141,8.6575104695,15.109893147
18143,,15.864533583
18145,,13.41519584
18147,,13.858504667
18149,,17.354482663
18151,,14.440266394
18153,,10.634081264
18157,3.4419724597,11.323992944
18159,,26.314750734
18163,8.1885057001,19.967456356
18165,,15.553712153
18167,4.9309073269,10.850410258
18169,,12.876724676
18173,2.2713180231,12.346538854
18175,,22.837404814
18177,7.5462260246,20.288336629
18179,,10.651517841
18181,,16.497158364
18183,,7.620074794
19005,,15.948732076
19011,,14.839808176
19013,4.6547022777,10.647391845
19019,,10.424564064
19029,,15.437339838
19033,4.0133913491,9.3935522657
19039,,31.692372702
19041,,16.101862862
19043,,14.932059131
19045,,11.167809219
19049,,5.7248630804
19055,,11.671335201
19057,6.5570187421,17.974435218
19061,1.9071594767,7.5895256341
19067,,12.813941568
19087,,10.003201024
19097,,10.329511414
19099,,11.814617905
19101,,12.34678759
19103,1.3321965256,5.9202892259
19109,,16.231789961
19111,,17.190074806
19113,4.2536981779,11.55688945
19123,,12.6486213
19125,,13.829345872
19127,,8.543314605
19139,,9.8335323453
19149,,7.9138341735
19153,4.1272660164,9.9170720559
19155,3.8225715203,12.211921835
19163,4.6253430807,12.007560145
19169,1.4629636132,6.1170435105
19171,,14.203872923
19179,4.4785720684,14.248342918
19181,,8.9025825231
19183,,13.529358708
19187,6.6482341117,13.746309116
19193,3.5992087278,9.2875662707
20001,,19.294155479
20005,,13.605105625
20009,,15.475085113
20015,2.3444110307,15.800378613
20021,,23.260517799
20035,4.062530469,20.61725779
20037,,10.785215011
20041,,16.162051503
20045,2.3700220649,8.7403793984
20051,,15.34031085
20055,4.6506941161,15.202024041
20057,,7.0946724922
20061,5.8605114552,27.66567832
20079,6.2169208006,10.508433017
20087,,28.583830021
20091,2.1550779743,9.7291349072
20099,,17.132779038
20103,4.5762240519,15.661898761
20107,,20.584602717
20111,,13.330424877
20113,,11.774402449
20121,,15.853909163
20125,6.2160614147,25.759755722
20133,,13.804181412
20139,,16.414141414
20149,,11.374715632
20155,2.7460268424,14.190939085
20159,,25.273799495
20161,2.3250992527,8.4349839599
20169,5.759071847,15.857035914
20173,8.4472558882,18.940338321
20175,,11.095495229
20177,10.050695709,21.763055578
20191,,17.550941608
20205,,28.06820574
20209,22.759685414,30.059684772
21001,,12.449553372
21003,10.222091985,23.703422774
21005,,14.805525074
21009,,18.546161849
21013,,17.852291691
21015,1.8380405191,9.2724145667
21017,,11.984300566
21019,3.0047264347,13.962225833
21021,,15.873225836
21023,,26.484326094
21025,,26.395466191
21027,7.7386856898,16.639912298
21029,4.2407022603,19.113384025
21031,,23.629861844
21033,,18.923862991
21035,5.9107113172,18.049145244
21037,1.8445334944,7.9349080194
21043,,14.189799774
21045,,18.813731516
21047,10.955236902,24.411938841
21049,,15.943526928
21051,13.381412514,20.956201539
21059,4.2435035497,16.337617857
21065,,24.017405555
21067,8.2282343188,14.918730063
21071,6.3286382748,17.420330087
21073,6.7410807076,16.072695626
21079,,23.9098258
21081,,13.512976432
21083,7.7000077,20.525340694
21085,6.5035362979,22.708349103
21087,,23.490721165
21089,,17.573895396
21091,,24.950665729
21093,6.657476738,15.571219317
21095,5.3840728357,18.339930614
21097,,16.964427716
21099,,11.558142712
21101,3.7681578104,16.829201322
21103,,15.007128386
21107,,19.546781223
21109,12.869184737,34.572948922
21111,16.40430614,25.611364284
21113,4.2848228895,14.493130628
21115,6.9673610803,25.956357517
21117,3.25942725,12.441798701
21119,,31.170380008
21121,5.9626463142,12.936024889
21123,,22.108914038
21125,8.2198408169,20.297588843
21127,,12.76601177
21129,,36.389083275
21131,,39.78595158
21133,7.1357677113,24.016922693
21135,,16.636418633
21137,,12.259108518
21141,,7.3347122592
21143,,31.525086694
21145,4.5709111567,17.312230635
21147,,17.428282617
21151,3.5776338774,12.244582309
21155,7.3702286982,18.535490315
21157,,12.134062229
21163,,17.338474769
21167,,11.821728337
21169,,23.708386842
21173,,14.215348312
21177,,19.561432679
21179,4.6590072587,16.430869279
21183,,17.521902378
21185,,7.7526776556
21191,,13.72024422
21193,10.712602305,20.48744954
21195,4.1266543029,19.681708787
21199,4.196650631,16.3074916
21203,,24.094063223
21205,,15.434229873
21207,,25.648745999
21209,3.8361012935,15.809998946
21211,4.1781690666,17.692924887
21213,,18.169769778
21215,,19.76017389
21217,,11.65211447
21219,,25.982039915
21221,,17.880229967
21223,,35.2460172
21225,,23.762597671
21227,5.0377282036,14.89333215
21231,,26.662453341
21233,,26.231734226
21235,11.009102168,26.357695898
21239,,13.485671474
22001,12.985416913,20.912914051
22003,,20.803328533
22005,6.8783675341,13.623589721
22007,7.1167930437,12.840855935
22009,11.660447761,26.395999761
22011,7.3208698735,14.504977356
22013,14.957744372,30.327843994
22015,7.5322453174,15.823850773
22017,23.521262339,34.325381287
22019,7.621875913,17.001036768
22021,,24.371420448
22027,9.1277520172,24.634054636
22029,21.315849437,29.170616854
22031,9.4236397238,23.390445003
22033,24.565661444,32.653053871
22037,16.242035865,31.226580065
22039,7.7091426149,23.488740461
22041,12.094307138,16.028530785
22043,,17.905583856
22045,13.847385754,22.22773166
22047,11.053729971,19.980893271
22049,,17.962074363
22051,14.419861701,21.366596458
22053,13.13215476,14.558804912
22055,9.6951834329,19.66600567
22057,8.3104310489,17.168960971
22059,,16.086437792
22061,6.9296937377,15.229328302
22063,7.0988371091,16.239474349
22065,28.607094559,35.275333259
22067,22.518591912,36.751488036
22069,15.249572268,25.719219605
22071,38.28066191,41.836498635
22073,15.15737489,24.392289971
22075,,14.608450559
22077,14.451531534,20.403809948
22079,14.885447724,22.955603247
22081,,33.89420167
22083,11.307660233,19.89178867
22085,9.63652242,25.451337044
22087,9.5925339142,16.374228688
22089,7.8435190895,15.15168733
22091,26.088508698,36.714975845
22093,15.636366109,23.083803826
22095,20.575517126,22.889495123
22097,14.664603271,29.376347428
22099,13.65246186,18.440671843
22101,10.240072818,21.892749851
22103,5.4102367199,16.058839588
22105,11.582030266,20.504774046
22109,11.548425757,16.662591576
22111,9.0186428231,23.578489163
22113,6.0076080348,17.564066622
22115,7.8418160484,17.700135015
22117,12.384054292,24.748713718
22119,5.1780126787,28.849734845
22121,14.052079167,19.440560486
22125,12.951450562,19.38811121
22127,,21.528216316
23001,1.5836566632,10.493604424
23003,,16.096243614
23005,0.967857454,7.2756571333
23007,,18.696955735
23009,,12.700716683
23011,1.9901755569,12.710890789
23013,,12.477042242
23015,,14.38575695
23017,,15.528325391
23019,1.4096167816,13.559393434
23021,,23.663318307
23023,,14.444685189
23025,,20.559129242
23027,,13.562659487
23029,,17.82803586
23031,0.9687039433,10.943460706
24001,3.2293874256,10.262491733
24003,4.3875370152,8.3401887157
24005,9.8013030412,13.449892665
24009,,6.6950305596
24011,,14.390128372
24013,1.4371399225,7.432558381
24015,4.439905874,12.602980896
24017,7.6010878394,13.821040761
24019,8.44170558,15.583023231
24021,2.3267073877,6.8586426137
24023,,13.796528793
24025,4.319385458,9.9115066349
24027,2.9601811454,5.3285054216
24029,,10.346504433
24031,2.6112902671,4.4033565724
24033,12.239056685,12.66233406
24035,,7.924966418
24037,2.777791807,11.443742562
24039,,9.4305518445
24041,,6.4568200161
24043,4.8180797024,12.390659025
24045,5.6736096889,11.396627757
24047,,8.4186680137
24510,46.116086551,44.87819593
25001,1.3209769153,3.9615928183
25003,2.5972148823,5.865260695
25005,2.0492078041,4.581254002
25009,1.9571333433,3.128773768
25011,,3.6813950788
25013,5.2865476918,8.2715467364
25015,,3.4696750401
25017,0.9707532529,1.8377146479
25021,1.2349170571,2.0584260259
25023,1.9256294401,3.4849650565
25025,5.8979747761,6.17791646
25027,1.7189898528,3.4698807175
26001,,21.211770604
26005,1.3383541894,9.4637437218
26007,,10.536815634
26009,,8.5292938598
26015,2.8079239614,13.621062054
26017,2.0630864323,10.064645995
26019,,15.700875885
26021,6.1305642999,14.584719641
26023,,10.504297628
26025,6.6036620501,15.369165872
26027,3.0458764371,14.735078794
26029,,11.475171554
26031,,14.153725182
26033,,10.732435029
26035,5.1137340951,16.861656593
26037,,10.843552751
26039,,18.834574483
26041,,13.330074871
26043,,13.392575786
26045,2.2188171355,12.403937885
26047,,10.747359433
26049,13.831569399,20.945329241
26051,,19.696050548
26055,1.9980327063,8.7809474857
26057,,7.8371825329
26059,,16.197025876
26061,,9.9641842931
26063,,10.944299951
26065,6.3731840131,11.793347449
26067,,8.6167632975
26069,,15.88827366
26073,,9.2535293539
26075,6.2111968976,17.151295869
26077,5.7005299864,12.727108818
26079,,17.881490422
26081,4.0837556325,8.0583891341
26087,,11.81933689
26089,,10.041260452
26091,2.3215962135,8.9411994213
26093,1.0477794933,7.8107181799
26099,4.9833949673,11.882714177
26101,,17.799208744
26103,,11.457724014
26105,,12.340262162
26107,,7.9318051389
26109,,18.306077618
26111,,7.6798648344
26115,1.9901327324,10.047195378
26117,2.2320382304,15.523033076
26121,7.2282882346,14.462129308
26123,3.2197257964,15.462365416
26125,3.6001668381,8.5835586385
26127,,9.0111738556
26129,,21.992943134
26133,,11.146169147
26137,,12.9110349
26139,1.3335282589,5.3333369801
26141,,15.654596972
26143,,20.097641039
26145,10.908832792,18.053345537
26147,1.7911148167,11.666401141
26149,3.5175679066,12.80535855
26151,,10.250202564
26155,,12.04553801
26157,,13.702227754
26159,3.2202458752,11.122586796
26161,3.2740330592,7.7087859531
26163,18.280282244,22.400077699
26165,,11.308379509
27001,,18.903115233
27003,2.0168170271,9.0551053466
27005,4.1721077906,16.805067017
27007,6.7454039271,14.506976149
27009,,12.758356724
27013,2.119533194,6.7731922939
27015,,15.081998444
27017,,10.591803059
27019,,7.034889248
27021,6.2826516656,17.42393781
27025,,8.5084659236
27027,,7.7637340455
27035,,10.388594545
27037,2.1125258701,6.5580175253
27039,,10.532363079
27041,,9.4119615574
27045,,12.320990229
27047,,7.875410998
27049,,12.857161225
27053,4.8011398659,8.1576159106
27057,,11.179534
27059,,10.320475332
27061,,16.392498438
27067,,6.4906766067
27071,,17.974737324
27079,,7.6883291164
27083,,8.6317837974
27085,,5.5526250035
27093,,8.6050373889
27095,,13.708958805
27097,,7.1943308673
27099,,8.0021205619
27103,,5.8385978024
27109,1.7323564059,5.4276892938
27111,,13.573585802
27115,,10.209220968
27119,,8.9646472731
27123,4.9234675773,10.074224403
27129,,15.106569985
27131,,6.8901677306
27135,,15.785942618
27137,2.2906965507,12.944737011
27139,1.3572230441,4.958602371
27141,,6.3821595993
27145,1.9828787434,8.0086292981
27147,,5.9690477741
27153,,9.6985371373
27159,,18.811136193
27163,1.3732981403,6.5363401511
27169,,6.3417321649
27171,1.1482650237,6.9153702749
28001,27.051355599,40.15667687
28003,10.894178618,25.77800204
28005,,16.151957617
28007,12.428246297,20.933871003
28011,24.49924007,33.040503771
28013,12.015018773,22.679594035
28015,15.690525775,30.237058539
28017,15.005502017,24.595347966
28019,,26.871870038
28021,23.791397031,29.04443799
28023,9.1251699563,21.88099314
28025,7.346081233,16.627004333
28027,36.544871431,38.991657599
28029,15.632327654,29.776252729
28031,16.60665625,29.989824881
28033,9.4373825734,20.593861945
28035,12.447874525,23.527048175
28037,18.476091937,28.49814762
28039,7.6878041857,14.750350321
28043,20.307592332,34.326579261
28045,8.8069605357,23.29777951
28047,9.0115194947,19.846736946
28049,35.662404827,48.746103547
28051,34.4454286,47.901113409
28053,20.970588749,37.461601858
28057,,17.870211209
28059,7.8038941432,18.135275203
28061,,17.069840031
28063,21.840997538,28.121484814
28065,27.936507937,37.701974865
28067,8.8347770481,23.583097994
28071,4.9812808708,11.294165653
28073,6.3895722181,15.788709178
28075,20.655088447,30.691693858
28077,13.738308127,35.497611979
28079,17.76830135,26.73772961
28081,11.26806043,19.815059445
28083,40.475638108,56.442964384
28085,22.013989267,35.551100336
28087,11.394436606,21.830337347
28089,10.919635527,18.942093458
28091,16.667624576,25.167240372
28093,16.187319663,29.078054621
28095,8.4884839568,25.043541612
28097,24.390243902,34.440145054
28099,12.226911922,24.72510491
28101,13.434269478,19.892391634
28103,18.88472226,30.737901754
28105,6.566756793,15.162639257
28107,17.692106793,22.476828165
28109,8.2246987704,19.025670296
28113,18.417403363,29.398496622
28115,4.9547094513,13.788521682
28117,6.8017185676,16.704982062
28121,5.7696370061,16.896162121
28123,12.692803688,19.218449712
28127,10.702283867,22.600232029
28129,10.915640293,29.500038478
28131,,19.529342838
28133,33.26311121,34.654401109
28135,19.592476489,20.590052063
28137,9.5577767605,21.083109618
28139,12.363111079,29.260620691
28141,,29.04443799
28143,30.318342597,41.077883667
28145,,21.709291577
28147,9.9386783546,16.811431774
28149,17.73656533,29.989635935
28151,42.260894796,53.220997939
28153,14.08460623,26.745119016
28155,,28.629271385
28157,37.667250782,39.634430663
28159,14.253587153,21.156480007
28161,,29.318825944
28163,26.942865581,31.803397181
29001,,11.844318281
29003,,13.565146617
29007,,11.874698185
29009,,16.303767295
29015,9.641127567,29.795540943
29019,6.1152947493,15.756360391
29021,9.1291299124,16.766846661
29023,8.3962492275,20.74864898
29025,,28.77634142
29027,3.1836893229,11.597357587
29029,,17.574538009
29031,5.4064282432,16.607533781
29037,4.2156796083,20.719454815
29039,,19.606470135
29043,3.9289900531,18.728958128
29047,4.1790247781,16.664423379
29049,,13.55919071
29051,5.7728549188,15.639458353
29055,16.731101325,26.154819658
29059,,16.495234056
29061,,24.018830763
29063,,18.392495862
29065,,19.631709137
29067,,24.640404103
29069,9.6759523556,22.716634083
29071,4.4081324534,17.093458967
29073,,23.131139957
29077,6.4959231977,19.310847529
29079,,22.43615893
29083,,23.719165085
29089,,33.69940134
29091,5.6967884355,23.437538959
29093,,29.979613863
29095,22.306391128,34.354609929
29097,4.9722324495,17.298643786
29099,4.2515334075,19.067856737
29101,3.1756701326,15.556707904
29105,5.602913515,22.357984875
29107,,16.486535996
29109,,15.132224333
29113,3.7078235076,13.917789991
29115,,31.759828831
29117,,14.722809647
29119,,18.256741954
29121,,30.343408224
29123,,19.5809673
29127,,13.314926032
29131,,12.610042322
29133,12.880235279,26.021337497
29135,,15.116205832
29139,,27.956388035
29141,,14.531363526
29143,9.9333636853,21.255993009
29145,3.4151505837,10.935348171
29147,,10.020861612
29149,,19.735543714
29151,,29.452912157
29153,,26.524026347
29155,21.873414177,36.36865273
29157,,11.503027388
29159,3.6964228708,12.199871432
29161,4.7953657585,16.114592659
29163,,13.232472487
29165,3.3421715202,11.839042489
29167,,18.048631727
29169,4.0641595318,16.717007656
29175,,21.031344793
29177,,15.695986188
29179,,32.170891777
29181,11.984006798,20.25868786
29183,2.4736493606,10.979222443
29186,,13.313067886
29187,6.199429225,16.435670785
29189,15.6280753,23.538470839
29195,,9.6100923443
29201,7.0589983653,14.106067176
29207,,22.746071133
29209,5.4199807591,20.073645186
29213,3.3423061398,15.377683048
29215,10.658110261,18.138372121
29217,,20.687413187
29219,4.0789688367,17.430908938
29221,,21.986791639
29223,,23.819354019
29225,4.0359715134,20.30869212
29229,,16.316230298
29510,48.542686579,55.555740372
30001,,21.142543025
30003,20.513484917,37.857564699
30009,,24.117396063
30013,4.5252570259,21.923414206
30023,,23.87567286
30027,,23.141967067
30029,2.6593362297,21.913932071
30031,1.540673788,17.25824081
30035,,23.351187262
30043,,27.851046053
30047,6.0971320029,27.272727273
30049,3.7339982616,19.233143011
30053,,28.976239484
30063,3.6262277803,17.755592593
30065,,55.347411444
30067,,28.595939377
30081,4.2768363255,30.838722551
30083,,23.601604909
30085,15.438650662,23.659593055
30087,15.90002067,36.192544336
30089,,31.258225849
30093,4.0937300431,25.699453458
30095,,25.248805942
30099,,32.34989648
30111,4.6179613832,19.986354995
31001,,7.0108349267
31019,,8.0173495444
31025,,7.601961306
31033,,27.93536187
31041,,27.985074627
31047,,11.822227477
31053,,10.360547037
31055,5.928017222,10.912269203
31067,,10.217920375
31079,,7.805233409
31109,1.9439518008,7.9579718827
31111,,12.078753473
31119,,9.6709047985
31131,,12.512669077
31137,,22.205937868
31141,,7.1593492152
31153,1.9378598121,7.1629561841
31157,,11.172310546
31177,,10.578245358
32001,,20.053744034
32003,7.7271891483,16.691893115
32005,3.5255854675,20.847044012
32007,5.9634979711,33.609256518
32013,,25.866224589
32019,3.5675515893,28.953959716
32023,4.6371435196,33.252657056
32031,5.2618150692,16.720748718
32033,,25.372660958
32510,3.5863870993,20.988822563
33001,,11.32242714
33003,,12.174336499
33005,1.873438021,14.394326018
33007,,16.534286387
33009,1.586903602,13.49706826
33011,1.7246005997,9.6892578268
33013,1.7042630246,11.321763193
33015,0.7412245957,8.6253397032
33017,1.5426351293,8.1128450829
33019,,12.027737814
34001,6.3757280284,8.8262045525
34003,1.2311583376,1.9993563774
34005,3.2066505297,5.2439922958
34007,7.3547486088,7.0845701975
34009,,6.4466358231
34011,7.9938080903,9.8185948264
34013,11.914878271,9.9201343034
34015,2.4796028357,4.9559665764
34017,4.0276540405,3.5439971133
34019,,4.4524659506
34021,8.0535924391,8.9002745681
34023,1.945704269,2.6787285989
34025,1.3911707637,3.0029694256
34027,0.6598262763,2.572518906
34029,1.4113552468,3.6156175133
34031,4.8662443817,5.4411211548
34033,10.38616202,13.321449754
34035,1.7537008434,2.7536533797
34037,1.2063829723,4.9399165013
34039,3.6760726474,3.9917200322
34041,2.0061924474,4.4927077737
35001,12.098749402,24.597024645
35003,,55.413942148
35005,16.499617209,29.674507743
35006,10.602879742,18.682928287
35007,11.738742546,24.784785446
35009,7.5215593928,18.775893386
35013,4.860209856,14.441541918
35015,12.503524278,32.116329445
35017,8.7712056796,27.021697693
35025,10.500744139,19.758717829
35027,7.2596862364,38.423426156
35029,9.403191208,32.181669651
35031,17.827197643,16.442555563
35035,6.8615930904,25.847316633
35037,,48.001920077
35039,13.440323149,18.387423003
35041,8.354789953,23.539734001
35043,6.1016055096,19.463541248
35045,10.538049384,21.282358859
35047,14.535110078,29.216273464
35049,5.219959607,17.849799884
35051,,32.582723916
35053,,22.885500229
35055,10.365334865,25.971045304
35057,10.17218739,32.320202712
35061,10.463163126,23.186261228
36001,3.3829828548,6.7548609018
36003,,14.279038372
36005,7.1678865164,5.4004224362
36007,2.5842712392,5.4029005264
36009,,8.8867049666
36011,,4.9578193945
36013,2.1181480697,7.8526589889
36015,4.3894673044,7.6384346938
36017,,11.022880957
36019,,4.7318533424
36021,,6.9699594747
36025,,13.064298875
36027,1.9863032281,5.9705178542
36029,6.5940884538,8.355151361
36033,,4.4202980085
36035,,7.4968419553
36037,,3.8248364013
36039,,8.4095448334
36043,,7.8361205979
36045,1.8944010346,7.4977774445
36047,5.1652170337,4.0935929488
36049,,7.5726596695
36051,,7.6453573567
36053,,5.9856856603
36055,6.6216635954,7.8863803285
36057,,8.1082615077
36059,1.7068291596,2.2996849871
36061,2.6580693767,2.1205772557
36063,4.405283358,7.4208608008
36065,3.6625716219,7.8451882845
36067,6.3290322541,7.8442020787
36069,,5.9767558531
36071,2.374122363,5.9312715202
36073,,8.4110114983
36075,1.3311293059,5.2789948794
36077,2.6385667306,7.0907617504
36079,,3.0425778342
36081,2.8162873715,2.3758965297
36083,3.7615735558,5.6517184992
36085,3.1332303247,3.4991237611
36087,1.8706868161,2.7342259467
36089,1.3128683416,6.6587008875
36091,0.8070253418,3.6283467179
36093,3.0308095568,4.8739131494
36095,,7.766437341
36099,,7.0384121342
36101,,10.735463446
36103,2.1636247953,3.6369668287
36105,3.5734369505,8.8999876971
36107,,5.803710229
36109,,3.4884058954
36111,1.7521168758,6.6945158526
36113,,6.2089626376
36115,,7.8538400369
36117,3.316707678,7.0966969311
36119,2.2840419988,3.0743633147
36121,,6.4872525487
37001,6.9736027612,14.581078502
37003,5.3645190709,18.794872759
37005,,21.593608292
37007,22.716946842,30.71278565
37009,,20.718334246
37011,,18.175002556
37013,8.2347451346,20.627239989
37015,14.98497756,18.198556961
37017,15.660003915,19.77432551
37019,4.0904814497,14.352401185
37021,4.2805916875,13.786148653
37023,5.4323338904,12.717848943
37025,3.567159518,9.9317285622
37027,5.5994274585,16.636044927
37031,3.7209610002,17.342193267
37033,8.8074687335,18.566818443
37035,6.2177734604,17.414029193
37037,4.6521635468,12.878369169
37039,,20.23415805
37043,,21.330299691
37045,7.1392874991,16.24959376
37047,18.175020252,29.417713141
37049,7.6769323537,18.055642781
37051,11.320485085,20.331803066
37053,,15.72877866
37055,,13.51482847
37057,3.5924824738,14.531421221
37059,,11.635808503
37061,5.720354264,11.974149923
37063,11.988438621,15.218621106
37065,18.187830688,27.406699764
37067,7.9694516942,15.573546993
37069,7.3623761543,19.021543339
37071,6.6221418707,16.800283738
37073,,17.696296165
37077,4.9965262246,13.549822035
37079,9.5404891545,10.532262234
37081,10.323529744,17.122214563
37083,15.825154648,28.440385347
37085,7.3797659652,15.977087673
37087,4.1727519299,18.33858825
37089,2.7093229033,14.697161568
37091,17.688535389,23.350745494
37093,12.4013499,19.776018282
37097,3.8998083523,13.024111022
37099,3.9842357074,11.944083315
37101,4.2699684022,12.648934066
37105,9.5475842283,17.733240476
37107,14.189896287,20.054864379
37109,2.8703900691,13.254241939
37111,6.3094468193,16.74591598
37113,4.435305028,22.292443419
37115,,11.980904282
37117,8.8405604915,12.518778167
37119,8.6206670323,13.321728788
37121,,21.367521368
37123,7.3730389033,21.49501538
37125,4.4728591237,14.912285934
37127,10.753274448,19.689206927
37129,6.6732484438,14.143100582
37131,13.268074065,26.25002625
37133,5.2437468319,16.206206977
37135,3.0375480129,7.051708005
37139,10.353740914,17.964161498
37141,5.1119161088,17.534574994
37145,7.6097433705,24.313769191
37147,7.292525642,12.516889419
37149,,21.44688484
37151,3.8757995079,15.693812333
37153,13.463868747,20.309608702
37155,26.297807819,31.338236234
37157,7.989335021,16.695957821
37159,9.0569318738,19.170518262
37161,4.3021947647,16.562872665
37163,9.3222709052,10.864042894
37165,20.463037615,28.803502506
37167,4.6026529692,14.695217984
37169,4.6945565052,15.413681183
37171,4.9638039417,18.116446947
37173,,22.495606327
37175,,11.749569672
37179,3.4656965959,8.031167623
37181,22.650569662,27.698189628
37183,3.0800553571,7.0699424186
37185,11.613811726,21.493270559
37187,,22.480459293
37189,,10.434732547
37191,9.8879175464,15.866447045
37193,5.8745038142,16.499997054
37195,9.4961751517,13.324285979
37197,4.5641606889,20.766662584
37199,,16.561409707
38015,1.6453469588,11.43275255
38017,3.0195803896,10.091127267
38035,3.4329494488,12.174336499
38053,,21.294416604
38059,,11.365860743
38079,10.149296146,23.114372806
38089,,12.036896255
38093,,17.178523029
38101,3.3102101363,14.333017422
38105,,17.441353449
39001,,18.086976653
39003,7.2219313389,13.675560991
39005,,8.2540754498
39007,9.2205826823,16.036480938
39009,2.1865044572,9.2228517673
39011,,9.6045123745
39013,2.9651719376,14.058345123
39015,,14.700072582
39017,4.7834587995,11.706567853
39019,,13.336494576
39021,,13.907632715
39023,7.5275976573,20.670651096
39025,1.6687595693,11.517626324
39027,,11.430803157
39029,2.2267251553,14.31223814
39031,,18.595493327
39033,,12.026053242
39035,14.856510676,20.790647368
39037,,9.7361882434
39039,,7.8810487049
39041,0.9734139784,5.3396341016
39043,3.0597063447,10.476295367
39045,2.6535708371,9.8876609597
39047,,8.3665671975
39049,11.099714083,16.16127767
39051,,7.581860399
39053,5.2639890509,20.831933338
39055,,7.6525081095
39057,2.048812969,9.2612601488
39059,4.0385201394,14.944139836
39061,11.000560538,17.179430723
39063,3.402807316,9.0059068154
39065,,9.5969903838
39071,9.6057342921,12.04551351
39073,5.0467836848,16.27569614
39075,,4.9980916377
39077,,12.688179418
39079,4.3984851617,19.722650231
39081,5.4202892266,17.727299124
39083,,12.548424047
39085,2.0493953973,10.066193903
39087,5.5011420849,15.534557637
39089,3.0146299175,11.756992019
39091,3.1420159803,12.296017847
39093,4.9850057489,12.283076686
39095,10.256253659,17.888595973
39097,,12.605514913
39099,11.229884469,20.24614403
39101,3.5097109314,14.135274578
39103,1.3547079688,9.3202125452
39105,,16.693024073
39109,,8.2225930695
39111,,14.640216675
39113,10.760747263,18.325128332
39115,,15.318627451
39117,,10.227505171
39119,2.6519351668,10.673472939
39123,,10.380212349
39125,,11.727579001
39127,3.9717528934,15.011174986
39129,3.4404205177,10.945260018
39131,9.7301172735,19.439424593
39133,2.1111317337,9.3522922345
39135,,9.2817852293
39139,4.5788513423,12.973619213
39141,3.7147723495,11.191475739
39143,,11.921874255
39145,5.1199296104,11.750944082
39147,,10.890399024
39149,,9.492756614
39151,5.7151514803,14.475377867
39153,8.3533222696,16.440437849
39155,6.4967887301,17.585889484
39157,2.7860671876,11.503333796
39159,,5.3591286057
39163,,21.543764619
39165,2.0218680345,8.9783182085
39167,2.8484550692,9.3470735314
39169,1.4766468304,9.1360565677
39171,,12.529894694
39173,,7.3216492015
39175,,10.077412853
40001,11.209579575,17.66554475
40005,10.275169027,18.646280067
40009,,22.043628014
40013,4.8770674194,16.834379169
40015,8.9612872391,17.610098335
40017,3.6362993087,14.71359322
40019,6.7973531698,21.151118521
40021,7.6467664472,20.175734767
40023,17.469283177,31.439663186
40027,2.8238616308,12.307804197
40031,10.203567026,22.117357339
40033,,35.185250343
40035,,19.695008722
40037,8.3908036792,19.534302235
40039,5.427087085,17.403411069
40041,6.4289750522,25.414156627
40047,3.9304813452,13.057174101
40049,,12.415465288
40051,7.2343009211,17.282225951
40061,,19.257927847
40063,12.800273072,39.128929824
40065,,16.169978817
40069,,27.665578487
40071,6.4608247889,20.980711429
40073,,14.05571173
40077,,35.803795202
40079,6.0439829272,16.937191249
40081,6.1479441275,16.109266856
40083,4.4865582714,14.477886063
40087,4.2641801758,14.169427262
40089,15.798550922,36.419977901
40091,7.2548934256,
40093,,28.78601523
40095,,27.751300088
40097,4.5574696928,16.221078554
40101,10.870087818,18.573058452
40103,,30.497102775
40107,16.75823847,21.962056324
40109,11.461216687,20.5245956
40111,15.229916013,29.349028075
40113,6.984152048,26.11033113
40115,6.4071760372,21.959143077
40117,,27.040314651
40119,3.5018664948,10.265359544
40121,9.4213963159,21.001976925
40123,9.3339655539,20.907926718
40125,6.8941201035,21.182127786
40127,,34.399724802
40131,4.0104580406,13.526947612
40133,6.3848064823,23.039768286
40135,7.3045256754,14.630863318
40137,3.6108193277,16.206029569
40139,6.9066974245,
40143,10.748426068,20.020600465
40145,5.1668629481,16.460662701
40147,5.4884139581,19.593078649
40153,,19.819837676
41001,,28.285064256
41003,,9.4550252385
41005,2.2408816801,11.525216552
41007,,10.426855608
41009,3.0315724491,17.14527381
41011,4.6733547566,20.156663793
41013,,22.088057723
41015,,31.197192253
41017,2.0900076733,13.426464171
41019,5.9728469185,20.757748055
41025,,37.879812765
41027,,8.5089003097
41029,3.4580425261,19.844775795
41031,8.3195664317,20.402833546
41033,7.2335108831,29.019882047
41035,7.3810387441,26.62928812
41037,,30.123506376
41039,2.8842340556,15.715328647
41041,3.1924866278,20.022826022
41043,3.1587734934,13.996367165
41045,4.6453075426,14.243907492
41047,2.8758256016,12.180373435
41051,4.9101600251,11.058167938
41053,1.6859511378,11.113091917
41057,,14.001164307
41059,5.8912548005,14.095660843
41061,,15.875295772
41063,,30.49963955
41065,,17.325408842
41067,1.5663881066,8.4542745714
41071,1.883185974,11.199734193
42001,2.362751911,12.426581234
42003,8.5018750255,14.573457019
42005,2.8357469903,14.466212161
42007,4.0506416389,12.257132802
42009,2.9697119082,20.848796191
42011,4.0481532937,10.760695871
42013,1.8587468561,11.792607345
42015,2.8290343798,10.591747705
42017,1.835628738,7.2177229287
42019,0.9849066839,11.096351203
42021,4.7467091281,14.485792487
42025,3.3384597237,19.580115305
42027,1.1515461278,5.4531506197
42029,1.610267722,6.4976122225
42031,,14.126067303
42033,1.9691664339,15.86813829
42035,,17.211165352
42037,3.7024292292,15.027632443
42039,3.3577328588,12.532543231
42041,1.5267356864,8.322635606
42043,7.0434483078,12.299947082
42045,8.09769299,12.232109746
42047,,16.592993774
42049,4.6121134014,13.000760101
42051,5.1499117393,17.948987739
42055,1.8458511266,9.6646744551
42059,,13.850492246
42061,,12.930150436
42063,2.0222208366,10.474270193
42065,,11.46305229
42067,,12.305471012
42069,2.1634514623,10.039019586
42071,2.2589063951,8.4918602591
42073,5.2916965014,17.235556487
42075,2.1342612966,11.157924174
42077,3.6906318167,9.8905392938
42079,3.9008677413,12.723754749
42081,9.6380836986,8.80874109
42083,,9.842665
42085,3.9870305754,14.535570358
42087,,12.556939224
42089,3.9839084006,13.691338222
42091,2.0614908358,6.5071132077
42093,12.522403362,11.004610932
42095,2.1534330404,7.5667784506
42097,4.0544797323,9.6601599635
42099,,15.168850981
42101,23.914956242,27.353920638
42103,3.0382208179,12.347551833
42105,,24.194914229
42107,10.720035747,13.66258761
42109,,7.4385944032
42111,1.9266857537,10.042258911
42115,3.8893308583,17.474051034
42117,,13.762121726
42119,,6.7822666335
42121,,16.14414755
42123,,13.306515587
42125,2.9573101957,13.875746544
42127,3.9068604469,23.397650876
42129,2.2306084086,11.984379218
42131,,17.943522762
42133,4.7464866442,13.362615663
44003,,4.2307627219
44005,,3.371998921
44007,3.3524902074,4.7394251576
44009,,5.991385019
45001,9.2862905332,19.592956332
45003,11.135387756,24.996391366
45005,29.382957884,44.411200972
45007,10.254065844,22.012516534
45009,16.140258849,25.781686409
45011,22.986019092,32.47125339
45013,7.0570934033,14.134867577
45015,7.7254528564,17.461915037
45017,14.695365082,24.82895608
45019,13.295715041,20.392691025
45021,7.794996618,19.30834015
45023,12.849768483,26.668816711
45025,13.196923232,26.964186256
45027,10.271026718,22.899705317
45029,23.436466386,37.587815195
45031,18.074972403,33.944639929
45033,32.031654812,42.610420911
45035,7.7114345331,15.946084927
45037,8.5492920118,16.383919927
45039,19.291984181,25.430271105
45041,14.067723677,23.073239396
45043,10.767295828,19.119849591
45045,7.052536678,16.277837016
45047,7.9237209794,18.170358467
45049,21.580752945,26.480806711
45051,7.3515130124,18.836622934
45053,22.362337934,27.440534354
45055,5.4527886652,19.6504636
45057,11.318362912,20.935788705
45059,7.2275684972,19.28663199
45061,20.028039255,33.21431537
45063,6.8075637869,17.399985354
45065,14.934958257,25.205847757
45067,16.712781564,26.985934404
45069,24.765401657,28.178882593
45071,9.329054407,18.760846114
45073,7.868598072,19.776475122
45075,17.491720311,25.880761967
45077,4.772369345,14.791223454
45079,12.465964636,18.756447529
45081,,13.915809353
45083,8.721877057,20.404393871
45085,12.197181513,20.519655571
45087,10.953473816,21.281279812
45089,17.980138862,22.307369305
45091,5.3956165592,14.722319895
46005,,19.328443953
46013,,10.300146262
46023,15.322852502,
46029,,12.789904502
46033,,31.807338407
46035,,12.126234097
46081,,14.683153014
46083,,10.081694245
46093,,13.946515115
46099,3.5727976122,10.195989577
46102,28.201925789,15.603722197
46103,6.7822550614,20.23511787
46121,22.779691905,33.915888596
46135,,12.239474052
47001,2.6093309675,15.590449291
47003,3.791933682,18.938936035
47005,,31.120461081
47007,,16.001493473
47009,3.034753345,13.948842246
47011,4.8114769764,13.3424754
47013,5.0368046511,22.671395752
47015,,21.991313431
47017,7.1479628306,20.73531725
47019,3.5463687717,19.163750701
47021,4.2301035318,15.681662256
47023,,17.315417648
47025,4.9309664694,18.795343767
47027,,26.164996468
47029,7.1897043434,21.113808987
47031,4.0725214253,16.906289844
47033,,18.260991712
47035,3.8076290608,22.418198302
47037,13.018137365,19.389529021
47039,,18.928964758
47041,,13.753131293
47043,6.4244643603,22.22922031
47045,6.1337698533,22.132253711
47047,9.8285963009,19.890553443
47049,,22.699512501
47051,5.431111443,20.808701821
47053,9.2541983695,21.053569187
47055,,19.536513069
47057,,17.95838785
47059,2.4775421131,16.707186395
47061,13.819349215,28.256569652
47063,2.8853943557,14.534973621
47065,9.503851809,18.043063505
47069,13.550058999,23.813492725
47071,5.519251148,27.745878581
47073,3.7795561289,16.558741254
47075,10.587698723,24.163483224
47077,5.624268206,14.311884589
47079,6.6399592749,24.156384718
47081,5.7320715133,27.02724187
47085,,22.495259927
47087,,16.996685646
47089,2.8946073465,12.809158182
47091,,20.162193647
47093,6.61115743,16.95096256
47097,10.497237569,18.854435899
47099,6.5321693008,21.765548764
47101,,25.970231622
47103,,15.098108672
47105,3.4809804583,14.028662773
47107,8.0275720341,20.505325792
47109,,34.86048061
47111,,20.247505507
47113,12.980572895,21.208604984
47115,6.9776366745,12.525398725
47117,4.6917118777,16.960155332
47119,5.26333202,17.034726213
47121,,17.6347051
47123,,15.449516559
47125,9.0564117667,22.416095703
47127,,30.89757454
47129,,12.11522511
47131,,15.199777951
47133,,17.900936219
47139,8.4286472864,25.852546476
47141,2.7304350675,15.292858235
47143,,14.503175591
47145,,17.951239945
47147,4.4255798515,17.808695652
47149,5.4122125917,14.887965061
47151,,18.164809315
47155,2.1892696596,19.084705639
47157,26.195798463,33.680472734
47159,,20.959757266
47161,,23.410637208
47163,4.8884173477,16.557253973
47165,4.6417942589,16.282310209
47167,5.8052995418,18.538514577
47171,,15.755829657
47173,,15.101329924
47177,5.5771476376,19.423698855
47179,4.5347310628,15.836627506
47181,,16.919042382
47183,6.4125309405,19.825773506
47185,6.3245773074,20.503507564
47187,1.7810423397,9.3529667694
47189,3.7622157621,14.409002301
48001,7.4064198848,12.424932698
48005,6.8744271311,16.09513605
48007,,39.604613938
48013,6.2976077678,16.262935976
48015,5.2510979568,22.642665441
48019,,23.743987055
48021,5.993077186,14.974048652
48025,5.291565245,9.3079825258
48027,8.1483726335,18.392647787
48029,8.2214525246,14.425326194
48031,,20.197259905
48037,10.230694527,20.528480059
48039,4.7125078136,13.014640667
48041,3.5357106778,8.1854010759
48043,,27.960597066
48049,,14.762793542
48051,,17.503938386
48053,3.882752812,15.63091301
48055,5.9661520308,13.635186052
48057,,16.140823942
48059,,19.969190392
48061,2.5993351103,6.0434229381
48063,,21.652386402
48067,5.7338353625,24.899728122
48071,4.3196687811,16.202568107
48073,4.3876487687,17.594186269
48077,,19.171411591
48085,2.3989591073,8.4376643466
48089,7.4288685833,18.835584186
48091,2.4780194906,15.661029121
48093,,21.972548962
48097,,14.608278999
48099,4.0981316245,13.190530751
48111,,30.437188711
48113,9.1054895357,14.405140889
48115,,17.310022503
48117,,11.860094018
48121,2.0563015361,9.0245151742
48123,,15.894302886
48133,,16.421260058
48135,7.2494262344,14.492290838
48139,4.5078852403,11.476746182
48141,3.7098837062,8.6532207595
48143,,10.294083242
48145,,12.693723531
48147,4.0741163242,18.005041412
48149,,13.470574718
48157,4.6377391312,10.732025027
48161,,21.255491002
48163,,11.163319362
48165,,10.287873403
48167,7.689473702,17.373905094
48171,,20.787705557
48177,,14.542634156
48179,7.1055759392,19.288528836
48181,4.8247076495,16.200366128
48183,11.18410888,19.372054842
48185,5.488857619,20.65788477
48187,3.8449506186,12.532165892
48189,4.2559167883,9.0174577983
48199,4.7569808694,18.104210622
48201,9.935955799,14.89511354
48203,8.9598853135,19.375454578
48209,3.8380889388,10.824100633
48213,5.9336305966,20.79509816
48215,3.5743776694,5.8379222697
48217,,19.195752803
48219,7.4962050462,19.404972965
48221,3.5673346303,20.765601781
48223,6.2161511146,27.601734038
48225,,13.130941751
48227,8.6701215788,25.579571931
48231,5.04393415,16.86443433
48233,,18.150033912
48239,,18.813664095
48241,6.4917676272,22.816464361
48245,11.939067953,19.341657351
48249,7.04212954,14.890258793
48251,2.8225183837,12.254151094
48253,,19.070369664
48257,6.0759603544,16.119077873
48259,,12.908278079
48265,5.2024292607,17.887385587
48273,5.9792932475,7.7987911874
48277,4.8793368694,19.263415163
48279,,16.957252308
48281,,11.139475516
48285,,13.849593416
48289,,19.913551758
48291,7.8853211461,19.894136371
48293,,18.112504528
48297,,16.598061346
48299,,23.023013805
48303,6.6820756569,15.459644209
48307,,30.546787496
48309,5.7899680652,14.859950799
48321,8.9472926659,18.022544565
48323,3.437708718,5.4821367999
48325,3.6659992668,12.066482426
48329,5.490175542,15.576124823
48331,,13.619503128
48337,,16.108896138
48339,3.8422047586,13.237041249
48341,,13.171016238
48347,5.684476569,19.636961671
48349,6.5806414695,16.622866732
48351,,28.380235407
48353,,14.932059131
48355,7.8872105116,17.147547152
48361,7.6418972963,16.681163392
48363,,11.061946903
48365,7.9899204081,29.450743631
48367,2.5636897443,12.783565892
48371,,20.521765898
48373,11.703318033,26.229251488
48375,10.928226769,23.21750566
48381,3.4556819265,16.469728206
48387,,21.674975407
48395,10.076920493,17.508228868
48397,2.1024068353,11.160946524
48401,6.1405710197,16.371727515
48403,,23.015842572
48407,7.5701373223,18.877554588
48409,6.3476211232,15.994976393
48415,,17.834849296
48419,10.224948875,17.591696719
48423,5.0250726309,18.046027683
48427,4.6476217456,8.3352113285
48439,6.2521068945,13.401011938
48441,5.1702244705,16.846894844
48449,5.7014793146,17.813705496
48451,4.5710436414,16.979669787
48453,3.8598394925,9.6930756822
48455,,15.116534741
48457,,14.074595355
48459,8.9715188781,22.090532766
48463,,9.0778424994
48465,3.2173244145,9.425070688
48467,6.337119551,18.492737239
48469,5.4351877159,16.554019468
48471,3.5292733618,8.1557863945
48473,4.2589097723,11.556017796
48477,,11.255240721
48479,4.3367037707,6.4094066783
48481,4.7983000308,17.262130243
48485,5.5247960429,13.645295102
48487,,17.285813062
48491,1.7737016504,9.0366645806
48493,12.57581214,24.815068655
48495,,38.854064135
48497,4.0027302834,14.686063789
48499,3.177316502,17.169422579
48503,,20.018906745
49001,,29.685922935
49003,,11.711679739
49005,,8.8069516205
49007,,24.471656927
49011,0.9757398547,10.104707222
49013,,25.097377826
49015,,19.913575084
49021,,14.495484657
49023,,18.612836089
49027,,19.832794288
49035,3.5868519458,13.532949802
49037,,18.450184502
49039,,13.149589733
49041,,28.660977617
49043,,13.284244886
49045,3.8889878193,19.125546741
49047,7.9114862914,26.331122266
49049,1.1903611876,9.1223830164
49051,,9.3616523316
49053,1.5742759988,14.70164086
49057,3.2415454347,15.869775396
50001,,10.832065079
50003,,15.054782681
50005,,17.268060066
50007,1.5695821947,7.0397832718
50011,,12.507161359
50015,,8.6297522477
50017,,22.032042852
50019,,19.966279173
50021,,12.911775199
50023,2.9250314441,12.280989029
50025,,9.7243831963
50027,,13.996956559
51001,14.868132781,20.275625626
51003,2.0983111218,10.182984596
51005,,22.79462047
51007,,24.442407577
51009,,18.377110991
51011,,15.03213118
51013,1.1573890764,3.1291969297
51015,1.8882995296,14.726533532
51019,3.083374445,15.670019714
51023,,14.33803103
51027,,19.199754243
51029,,17.579429723
51031,5.1853503482,14.147658018
51033,5.5993131509,18.164125851
51035,,16.862610197
51037,,20.268558399
51041,6.0851446508,15.277159238
51043,,16.40397523
51047,2.7591839438,12.932132927
51049,,20.339258837
51051,,33.572068039
51053,7.07510221,15.505952171
51059,1.7584965628,4.9674700431
51061,3.6408577052,11.219000499
51063,,15.259021897
51065,,12.532252119
51067,7.6507191676,16.441078392
51069,1.7839535004,10.913431985
51071,,23.916006983
51073,,12.200491202
51075,,15.886154798
51077,,14.157378568
51079,,12.959953743
51083,7.9139627294,17.062336363
51085,2.2714761388,13.128868162
51087,6.545430271,13.169842028
51089,7.2906735461,22.898292103
51093,3.8383737578,18.65502593
51095,3.3740152093,8.8097051858
51099,,14.114011499
51101,,11.546410798
51103,,22.338049144
51105,,19.837333862
51107,0.8832617656,4.6402725387
51109,4.668406945,18.695682366
51111,,26.354801515
51113,,22.359026339
51117,7.9134915721,22.244030095
51119,,22.480329712
51121,1.7411542111,7.7088020319
51125,,14.814016753
51131,,16.935087808
51133,,16.497566609
51137,,11.372805996
51139,,15.087254623
51141,,23.852523256
51143,4.9265244074,21.495917429
51145,,12.102793056
51147,,13.228329791
51149,3.6830106402,11.746080384
51153,2.9373023632,7.4956360153
51155,,15.885062746
51161,3.1744736043,13.105411901
51163,,21.167381066
51165,2.4626382595,11.458970789
51167,,17.348147142
51169,,30.551878015
51171,,14.612205758
51173,6.5625717781,26.525374837
51175,,16.928302994
51177,3.3751856352,8.0220416534
51179,3.5121691916,8.8643699258
51185,4.5131366994,17.734077508
51187,,13.424153533
51191,2.9049500349,18.157630466
51193,,13.25893597
51195,3.7625103469,16.057034587
51197,,18.166827373
51199,3.334778404,8.7214626474
51510,2.9018468442,5.4195418597
51540,4.2484364237,6.77897163
51550,7.0608379449,14.435475058
51570,8.0578229374,20.336455356
51590,25.005991019,30.889772543
51600,,10.797790606
51620,,27.359100632
51630,5.4777057376,16.620613716
51650,14.548276029,20.688574882
51660,2.6916886039,7.1455971839
51670,17.679669643,30.902075737
51680,5.4781642142,12.812331376
51683,,7.6995630498
51690,13.106159895,27.919962773
51700,14.465282531,20.646295655
51710,15.344627999,23.482466287
51730,46.209684294,50.461088193
51735,,16.301247045
51740,20.659022828,27.909748686
51760,22.158711773,27.334310848
51770,13.354777564,24.556029008
51775,5.6022408964,14.899740431
51790,,13.574696765
51800,5.7715916022,12.294100773
51810,4.6447728295,13.321525416
51820,,15.060774655
51840,,9.2887663089
53003,,21.249468763
53005,2.9183904152,10.774922641
53007,2.2223415702,11.856006227
53009,3.7462022874,19.698407021
53011,3.047767392,10.966119176
53015,3.2980964706,15.653867506
53017,,7.8872768945
53019,,26.383831988
53021,3.3536380876,8.1754664733
53025,4.5810483507,13.472247171
53027,4.2536736272,15.222326078
53029,1.6965399069,12.200672914
53031,,16.719405037
53033,3.4716141241,8.6776308354
53035,2.6067504196,11.293238155
53037,,11.854009407
53039,,15.157188966
53041,3.2260030181,17.776987689
53045,5.0544451648,17.177780992
53047,4.075519374,19.39717369
53049,,15.920045991
53051,,23.286275651
53053,4.7926094745,13.052223742
53055,,12.575165192
53057,3.0335647082,11.946967875
53061,2.4899910307,8.9212806669
53063,3.4092203612,13.064175662
53065,3.147336252,18.300733337
53067,2.456938394,10.692649114
53071,3.0452025177,13.715494917
53073,2.2360402411,10.121608931
53075,,10.555632242
53077,10.404277238,16.819710161
54001,,22.117097745
54003,4.7282241033,14.847983344
54005,7.7764529006,24.971329215
54007,,30.777347872
54009,,10.869663674
54011,9.5749773924,17.629328323
54015,,47.464223841
54017,,24.086518775
54019,6.6610269971,11.377966568
54025,4.9493312216,16.893663129
54027,,14.594153754
54029,,13.833267625
54031,,31.855895513
54033,5.2992710323,20.917438869
54035,,16.146129492
54037,3.2581371977,12.930236134
54039,9.3652928543,21.426753981
54041,,32.15672694
54043,,19.607458677
54045,6.9700071878,17.375331993
54047,16.335039437,31.256279163
54049,6.0924220424,17.470736516
54051,,16.369398392
54053,,20.528104496
54055,8.6407811266,21.695135883
54057,,13.372062789
54059,5.9797525578,18.756607441
54061,2.0294239412,8.6748587507
54063,,27.473366098
54065,,21.480819889
54067,8.0494003197,30.889035205
54069,,13.931658011
54071,,47.009049242
54077,6.3455534592,17.784311866
54079,,14.103775581
54081,6.8775922314,21.931724646
54083,,20.351448462
54085,,21.307877522
54087,,34.760946077
54089,,20.740929832
54091,,22.706087622
54097,,11.562889731
54099,4.666975405,15.731967866
54101,,29.21271727
54103,,16.032920931
54107,5.2410724249,14.783481605
54109,,23.174075934
55001,,10.793414055
55003,,16.627442955
55005,3.7683353065,16.266024232
55007,,19.569982257
55009,1.9530275182,8.8357034919
55015,,6.3225362854
55017,,12.337758476
55019,,8.0632156104
55021,,8.6717031919
55023,,13.625328247
55025,2.1596690755,7.1481661671
55027,,8.8611995338
55029,,12.764237443
55031,,11.032098811
55033,,8.3999805474
55035,,11.056822536
55039,,9.2972625373
55043,,8.1356562569
55045,,8.6800375412
55053,,12.572412259
55055,,8.4763521548
55057,,8.2341492627
55059,4.9898722508,12.059945021
55061,,13.699836581
55063,2.1692261527,8.0882290991
55067,,12.469087055
55069,,17.238035726
55071,2.6938010251,10.56625039
55073,1.6814423412,8.8223228294
55075,,13.285374771
55077,,16.732524166
55079,16.746451186,20.851490977
55081,3.4174651108,11.269852278
55083,,14.132278123
55085,,10.536297545
55087,2.0620273089,9.9827956076
55089,,6.0088530435
55093,,9.4118975797
55095,,14.541753008
55097,,6.5029065165
55101,3.5717305545,11.714802621
55103,,11.54534434
55105,3.5986219911,9.9233452209
55109,,7.4566963326
55111,,12.700654858
55113,,14.207909069
55115,,8.8116509607
55117,1.3578185041,9.6697270202
55121,,10.069276623
55123,,9.7312867356
55125,,13.429789063
55127,1.9252375262,9.9727666756
55129,,18.792282636
55131,1.5815811172,9.1116440933
55133,1.6680087631,7.7120098239
55135,,14.477046057
55137,,14.726456078
55139,2.4246944258,9.3393027043
55141,2.146961464,9.2944424701
56001,,17.674181659
56003,,23.816004355
56005,,16.393442623
56007,,26.869441384
56009,,26.182960711
56011,,26.772328122
56013,7.9192239161,28.390655419
56017,,52.896059244
56019,,30.522163787
56021,4.7583480169,25.087253468
56023,,19.204528226
56025,4.8033559447,27.075133495
56029,,27.791899678
56031,,37.384924529
56033,,22.810664963
56035,,22.918576548
56037,,27.202588936
56039,,11.122328502
56041,,20.614508688
