fips,dem_share_pct,gop_share_pct
01001,26.39,72.66
01003,20.47,78.65
01005,42.29,57.02
01007,17.52,81.94
01009,9.16,90.18
01011,72.65,26.81
01013,38.4,61.08
01015,27.19,71.94
01017,38.01,61.25
01019,11.96,87.48
01021,13.68,85.77
01023,37.84,61.74
01025,41.24,58.3
01027,14.7,84.86
01029,7.92,91.5
01031,20.66,78.56
01033,26.35,72.78
01035,42.69,56.64
01037,28.08,71.39
01039,13.55,85.97
01041,22.48,77.16
01043,9.38,89.9
01045,23.47,75.78
01047,65.92,33.42
01049,12.7,86.65
01051,23.56,75.62
01053,26.55,72.91
01055,21.79,77.47
01057,13.67,85.66
01059,12.98,86.25
01061,11.23,88.21
01063,77.65,21.93
01065,53.06,46.21
01067,24.33,75.14
01069,25.69,73.47
01071,13.94,85.38
01073,54.63,44.19
01075,11.72,87.75
01077,23.76,75.27
01079,18.51,80.82
01081,35.49,63.31
01083,27.46,71.36
01085,68.42,31.1
01087,77.8,21.51
01089,44.73,53.69
01091,47.88,51.64
01093,8.85,90.55
01095,13.79,85.49
01097,41.28,57.73
01099,38.17,61.3
01101,64.83,34.1
01103,23.22,75.79
01105,71.21,28.47
01107,38.08,61.42
01109,37.07,62.24
01111,17.34,82.19
01113,50.4,48.74
01115,17.59,81.72
01117,29.01,69.86
01119,70.32,29.11
01121,32.85,66.62
01123,24.9,74.49
01125,39.35,59.76
01127,13.79,85.6
01129,22.1,77.51
01131,65.57,34.09
01133,7.94,91.57
04001,58.94,39.96
04003,37.84,60.99
04005,59.23,39.36
04007,30.76,68.36
04009,25.47,73.62
04011,28.84,69.77
04012,27.56,71.75
04013,47.71,51.2
04015,21.8,77.58
04017,40.93,58.14
04019,56.99,41.83
04021,38.49,60.57
04023,58.91,40.26
04025,32.61,66.5
04027,39.33,59.75
05001,27.1,71.23
05003,25.23,73.19
05005,20.72,77.57
05007,35.17,62.14
05009,16.68,81.63
05011,29.95,68.96
05013,18.12,80.02
05015,33.04,64.74
05017,51.46,47.51
05019,38.64,59.11
05021,18.26,79.89
05023,15.24,83.17
05025,15.53,83.11
05027,31.06,67.59
05029,28.67,69.0
05031,30.1,67.54
05033,19.94,78.1
05035,50.15,47.87
05037,25.13,72.74
05039,34.34,63.77
05041,46.73,51.5
05043,32.21,66.03
05045,32.59,64.92
05047,17.67,80.07
05049,17.97,80.11
05051,30.75,67.0
05053,14.76,83.62
05055,18.55,79.75
05057,29.17,68.86
05059,22.94,75.11
05061,25.89,72.57
05063,19.19,78.67
05065,16.02,81.92
05067,24.77,73.49
05069,59.25,39.19
05071,23.26,74.69
05073,30.02,68.34
05075,16.95,80.96
05077,50.4,46.87
05079,24.11,74.2
05081,22.13,76.42
05083,17.84,80.04
05085,22.18,75.85
05087,19.88,78.46
05089,19.12,79.35
05091,23.85,74.94
05093,33.35,64.97
05095,41.18,56.93
05097,17.4,80.58
05099,29.21,68.87
05101,17.08,81.25
05103,39.55,58.61
05105,20.14,77.64
05107,55.77,42.49
05109,12.85,85.96
05111,17.45,80.96
05113,13.82,84.3
05115,22.68,74.9
05117,16.38,82.12
05119,59.79,37.67
05121,17.15,80.88
05123,49.39,48.65
05125,28.83,68.98
05127,12.56,86.08
05129,13.21,85.42
05131,30.04,67.59
05133,18.29,80.02
05135,17.7,80.38
05137,18.06,79.73
05139,32.49,66.0
05141,18.86,79.03
05143,45.06,51.71
05145,18.29,79.5
05147,32.79,65.27
05149,18.73,79.47
06001,74.58,21.02
06003,64.91,32.93
06005,34.74,62.57
06007,46.79,49.91
06009,34.67,62.79
06011,34.62,62.87
06013,67.31,29.36
06015,40.38,56.79
06017,42.63,54.62
06019,46.51,50.9
06021,31.22,66.12
06023,61.97,33.57
06025,48.28,49.14
06027,46.93,49.92
06029,38.21,59.27
06031,37.39,60.42
06033,47.81,49.18
06035,21.79,75.8
06037,64.83,31.91
06039,38.41,59.21
06041,80.6,16.69
06043,38.09,59.15
06045,61.32,34.5
06047,46.52,50.88
06049,25.1,71.81
06051,58.08,37.83
06053,63.43,33.55
06055,65.92,31.06
06057,54.37,42.13
06059,49.73,47.08
06061,44.27,52.78
06063,39.93,56.87
06065,48.04,49.31
06067,58.11,38.4
06069,54.9,42.32
06071,47.54,49.68
06073,56.93,40.15
06075,80.33,15.53
06077,48.03,48.92
06079,53.93,43.07
06081,73.51,23.18
06083,61.8,35.12
06085,68.06,28.11
06087,75.3,20.86
06089,30.52,66.97
06091,36.55,60.78
06093,38.76,57.99
06095,60.05,37.06
06097,71.43,25.23
06099,43.22,54.18
06101,33.09,64.5
06103,27.95,69.74
06105,43.38,52.77
06107,38.49,59.2
06109,37.87,59.74
06111,56.1,41.0
06113,66.32,30.07
06115,35.67,61.49
08001,53.17,44.15
08003,43.14,53.96
08005,58.6,38.5
08007,41.73,55.78
08009,13.72,84.13
08011,29.47,68.34
08013,76.55,20.78
08014,62.85,34.33
08015,55.44,41.86
08017,10.24,88.15
08019,56.78,40.19
08021,39.64,57.46
08023,55.53,40.87
08025,24.74,72.16
08027,30.72,66.8
08029,30.96,66.48
08031,76.74,20.59
08033,22.9,75.83
08035,45.29,52.29
08037,60.95,36.51
08039,23.35,74.49
08041,43.75,53.55
08043,29.55,67.98
08045,49.81,47.72
08047,54.59,41.87
08049,47.99,48.79
08051,62.96,33.72
08053,42.41,54.79
08055,44.28,52.86
08057,20.74,76.02
08059,58.33,38.87
08061,11.82,86.21
08063,15.04,83.37
08065,56.23,39.81
08067,57.95,39.3
08069,57.38,39.77
08071,42.04,55.54
08073,16.8,81.29
08075,20.65,77.3
08077,36.65,60.96
08079,42.1,55.38
08081,17.49,80.32
08083,38.27,59.28
08085,32.61,65.21
08087,24.45,73.04
08089,35.45,61.85
08091,59.59,38.38
08093,40.19,56.69
08095,17.5,80.2
08097,71.03,26.79
08099,23.85,74.51
08101,46.21,51.33
08103,17.26,80.98
08105,37.23,60.43
08107,62.49,34.75
08109,50.12,46.38
08111,63.95,31.97
08113,73.46,24.02
08115,20.84,77.17
08117,67.05,29.89
08119,31.02,66.5
08121,11.72,86.81
08123,38.23,59.2
08125,16.26,81.64
09110,60.11,38.17
09120,60.91,37.6
09130,55.86,42.42
09140,45.62,53.0
09150,41.53,56.96
09160,48.59,49.85
09170,58.99,38.92
09180,55.6,42.64
09190,58.77,39.67
10001,50.17,48.17
10003,65.49,32.93
10005,43.92,54.88
11001,91.15,5.08
11002,88.44,7.86
11003,88.64,7.95
11004,91.1,5.92
11005,91.8,5.12
11006,88.87,7.47
11007,91.72,5.65
11008,90.9,6.56
12001,59.74,38.77
12003,13.23,86.31
12005,25.77,73.12
12007,21.15,78.38
12009,39.07,59.91
12011,58.01,41.05
12013,15.88,83.49
12015,32.71,66.69
12017,26.75,72.64
12019,29.91,69.17
12021,33.15,66.22
12023,24.56,74.74
12027,28.23,71.17
12029,14.52,84.93
12031,48.67,50.14
12033,39.69,59.23
12035,35.56,63.8
12037,27.67,71.49
12039,64.95,34.27
12041,15.55,83.58
12043,23.15,76.42
12045,22.65,76.85
12047,30.12,69.14
12049,21.5,77.81
12051,30.43,68.74
12053,31.11,68.16
12055,29.34,70.09
12057,47.84,50.9
12059,9.68,89.87
12061,36.01,63.36
12063,26.66,72.74
12065,40.33,58.94
12067,11.74,87.75
12069,37.28,61.95
12071,35.47,63.86
12073,60.28,38.52
12075,24.59,74.85
12077,16.22,83.04
12079,35.29,64.15
12081,37.87,61.39
12083,33.83,65.47
12085,34.12,65.24
12086,43.9,55.35
12087,40.46,58.8
12089,26.12,73.06
12091,28.23,70.67
12093,22.86,76.69
12095,56.13,42.54
12097,48.74,50.19
12099,49.95,49.19
12101,36.88,62.1
12103,46.89,52.12
12105,39.23,59.91
12107,25.79,73.61
12109,33.86,65.21
12111,45.11,54.17
12113,24.05,75.0
12115,40.55,58.74
12117,47.58,51.13
12119,30.94,68.56
12121,19.26,80.22
12123,19.92,79.56
12125,15.58,83.84
12127,38.69,60.45
12129,27.4,71.75
12131,20.74,78.57
12133,17.01,82.41
13001,18.72,81.13
13003,22.9,76.87
13005,13.33,86.51
13007,39.97,59.82
13009,48.65,50.86
13011,10.8,88.96
13013,29.47,69.95
13015,24.23,75.19
13017,33.83,65.85
13019,14.99,84.79
13021,60.96,38.53
13023,22.15,77.51
13025,8.66,91.11
13027,36.46,63.25
13029,31.56,67.9
13031,35.26,64.26
13033,45.11,54.44
13035,27.22,72.39
13037,56.08,43.77
13039,31.85,67.51
13043,26.18,73.69
13045,29.15,70.31
13047,21.99,77.49
13049,21.76,77.94
13051,58.65,40.63
13053,41.5,57.97
13055,17.71,81.91
13057,30.09,69.1
13059,68.63,30.35
13061,53.47,45.98
13063,84.31,15.11
13065,24.14,75.69
13067,56.91,42.03
13069,27.33,72.47
13071,24.77,74.96
13073,36.81,62.45
13075,26.59,73.05
13077,32.72,66.58
13079,24.95,74.79
13081,36.88,62.83
13083,16.38,82.98
13085,17.13,82.38
13087,37.86,61.82
13089,81.86,17.11
13091,24.92,74.84
13093,45.99,53.7
13095,70.4,29.26
13097,65.38,33.93
13099,44.23,55.71
13101,8.83,90.89
13103,25.23,74.34
13105,28.16,71.54
13107,27.79,71.93
13109,28.61,70.95
13111,17.44,82.21
13113,48.0,51.15
13115,28.75,70.7
13117,32.92,66.03
13119,13.57,86.15
13121,71.88,27.03
13123,18.47,81.03
13125,7.96,91.86
13127,36.76,62.76
13129,18.05,81.49
13131,30.7,68.9
13133,35.3,64.25
13135,57.65,41.13
13137,17.34,82.23
13139,27.8,71.58
13141,67.55,32.17
13143,12.62,87.01
13145,26.73,72.84
13147,22.4,77.2
13149,13.83,85.91
13151,64.52,34.86
13153,44.05,55.32
13155,22.71,76.92
13157,22.17,77.25
13159,20.63,79.0
13161,15.74,84.04
13163,49.23,50.45
13165,34.58,65.03
13167,26.76,73.12
13169,30.82,68.85
13171,26.84,72.75
13173,26.63,72.97
13175,33.49,66.2
13177,28.03,71.57
13179,58.45,41.0
13181,27.4,72.18
13183,35.09,64.58
13185,40.77,58.75
13187,18.85,80.52
13189,37.36,62.28
13191,35.48,64.08
13193,58.79,40.89
13195,22.36,77.15
13197,34.6,64.84
13199,37.1,62.56
13201,24.6,75.07
13205,41.69,58.02
13207,26.49,73.17
13209,23.33,76.34
13211,26.8,72.75
13213,14.08,85.67
13215,61.39,38.04
13217,57.3,42.16
13219,31.59,67.52
13221,28.51,70.9
13223,37.61,61.73
13225,46.77,52.8
13227,16.84,82.62
13229,11.16,88.67
13231,13.13,86.57
13233,19.56,80.08
13235,29.54,70.02
13237,28.7,70.95
13239,42.11,57.54
13241,21.32,78.2
13243,53.55,45.92
13245,67.79,31.67
13247,73.44,25.93
13249,18.66,81.14
13251,37.3,62.5
13253,29.72,70.15
13255,41.4,58.07
13257,18.35,81.17
13259,58.04,41.77
13261,50.93,48.71
13263,55.87,43.89
13265,57.35,42.42
13267,23.11,76.54
13269,34.3,65.29
13271,30.23,69.53
13273,51.9,47.8
13275,37.8,61.91
13277,32.01,67.67
13279,24.51,75.22
13281,18.66,80.96
13283,27.68,72.09
13285,37.56,61.95
13287,35.61,64.1
13289,42.53,57.2
13291,18.51,80.97
13293,30.0,69.74
13295,20.06,79.36
13297,26.73,72.64
13299,28.27,71.42
13301,52.24,47.53
13303,48.91,50.82
13305,19.97,79.72
13307,40.72,59.13
13309,27.33,72.41
13311,15.51,84.02
13313,27.5,71.95
13315,25.31,74.48
13317,41.43,58.28
13319,40.99,58.84
13321,24.71,75.1
15001,62.98,34.71
15003,59.93,38.28
15007,58.79,39.26
15009,61.86,35.97
16001,43.43,53.77
16003,21.54,76.04
16005,35.79,60.87
16007,10.41,87.46
16009,18.18,79.59
16011,18.79,78.42
16013,64.37,32.71
16015,21.69,75.91
16017,25.76,71.9
16019,25.63,70.99
16021,16.1,81.49
16023,12.38,84.87
16025,21.02,75.14
16027,25.41,72.03
16029,12.88,84.09
16031,14.22,83.28
16033,15.02,84.08
16035,17.52,80.35
16037,22.11,75.4
16039,24.47,73.0
16041,9.79,87.4
16043,14.02,82.98
16045,16.0,81.99
16047,18.59,79.01
16049,14.81,82.65
16051,11.95,85.22
16053,21.93,75.67
16055,22.95,74.8
16057,44.22,52.2
16059,21.3,76.26
16061,16.55,81.55
16063,20.45,76.47
16065,15.94,80.22
16067,17.28,80.55
16069,29.45,68.09
16071,10.3,86.24
16073,15.27,82.85
16075,17.55,80.43
16077,26.0,71.08
16079,24.01,73.41
16081,51.7,44.86
16083,24.25,73.06
16085,39.63,58.2
16087,18.19,79.76
17001,25.55,72.96
17003,39.81,59.05
17005,26.53,71.32
17007,41.95,56.46
17009,19.02,78.94
17011,36.89,61.18
17013,20.9,76.83
17015,33.18,64.85
17017,27.44,70.83
17019,61.28,37.2
17021,25.92,72.6
17023,23.49,74.73
17025,15.58,82.91
17027,23.14,74.98
17029,34.91,63.38
17031,70.39,28.39
17033,22.94,75.36
17035,18.36,80.22
17037,50.12,48.14
17039,26.6,71.47
17041,26.15,72.3
17043,55.86,42.53
17045,22.97,75.32
17047,13.9,84.98
17049,18.97,79.34
17051,17.0,81.73
17053,25.1,72.98
17055,24.07,74.64
17057,37.06,60.9
17059,22.18,76.04
17061,20.15,77.95
17063,34.45,64.05
17065,17.68,80.96
17067,24.1,74.06
17069,18.55,80.31
17071,29.64,68.43
17073,36.81,61.28
17075,20.64,77.97
17077,51.02,47.53
17079,16.82,82.07
17081,25.48,73.26
17083,24.09,74.28
17085,40.78,57.62
17087,20.33,78.62
17089,54.0,44.64
17091,38.72,59.53
17093,49.99,48.46
17095,44.37,53.74
17097,59.69,38.92
17099,40.11,58.58
17101,21.02,77.26
17103,37.94,60.16
17105,26.07,72.38
17107,28.22,69.75
17109,39.66,58.52
17111,46.61,51.91
17113,51.64,46.76
17115,39.82,58.73
17117,29.45,68.65
17119,42.49,55.75
17121,24.56,74.06
17123,31.22,67.23
17125,27.83,70.07
17127,25.21,73.98
17129,28.55,70.05
17131,35.35,62.49
17133,30.99,67.28
17135,27.09,71.12
17137,33.09,65.58
17139,24.76,73.83
17141,34.5,63.89
17143,51.52,46.86
17145,23.22,75.2
17147,33.74,64.28
17149,17.35,81.08
17151,19.51,79.64
17153,32.35,66.6
17155,37.65,60.46
17157,24.15,74.13
17159,22.56,76.06
17161,53.94,44.35
17163,53.01,45.15
17165,24.84,73.85
17167,46.61,51.57
17169,25.59,72.42
17171,18.86,80.05
17173,19.2,79.45
17175,26.26,71.82
17177,39.48,58.89
17179,35.79,62.46
17181,27.78,70.98
17183,31.36,67.02
17185,22.32,76.16
17187,36.48,61.61
17189,20.69,77.93
17191,13.97,84.9
17193,19.68,79.08
17195,41.67,56.37
17197,50.12,48.52
17199,29.97,68.75
17201,49.52,48.95
17203,28.22,70.27
18001,22.77,75.42
18003,42.93,55.4
18005,35.32,62.66
18007,25.54,72.66
18009,23.89,74.22
18011,41.0,57.01
18013,32.83,65.46
18015,23.1,75.21
18017,26.2,72.39
18019,38.94,59.3
18021,20.71,77.63
18023,25.19,73.2
18025,24.65,73.2
18027,17.15,81.45
18029,20.07,78.4
18031,19.87,78.37
18033,25.6,72.67
18035,41.21,56.99
18037,27.77,69.99
18039,33.12,65.5
18041,21.18,77.51
18043,41.38,56.89
18045,19.12,79.08
18047,17.13,81.53
18049,23.69,74.94
18051,23.41,74.83
18053,28.18,69.95
18055,22.35,76.07
18057,46.02,52.09
18059,32.21,65.92
18061,25.6,72.55
18063,38.4,59.9
18065,25.29,73.0
18067,31.45,66.72
18069,24.92,73.31
18071,21.52,76.79
18073,22.05,76.37
18075,21.56,76.73
18077,31.01,67.11
18079,19.71,78.52
18081,31.98,66.31
18083,24.0,74.39
18085,22.94,75.21
18087,20.77,77.57
18089,52.09,46.45
18091,42.09,56.23
18093,23.62,74.64
18095,35.58,62.53
18097,63.0,35.33
18099,27.41,70.81
18101,18.71,79.43
18103,21.79,76.34
18105,62.97,35.54
18107,24.95,73.15
18109,21.97,76.3
18111,20.75,77.73
18113,23.53,74.93
18115,21.55,77.03
18117,23.14,75.29
18119,23.84,74.53
18121,20.61,77.53
18123,34.27,64.03
18125,21.87,76.72
18127,43.84,54.32
18129,27.54,70.97
18131,22.22,75.89
18133,23.14,75.11
18135,22.27,75.93
18137,18.65,80.13
18139,21.88,75.92
18141,50.0,48.53
18143,23.45,74.93
18145,25.08,73.09
18147,27.36,70.63
18149,23.25,75.29
18151,28.12,70.24
18153,22.82,75.51
18155,20.51,77.97
18157,48.96,49.11
18159,23.73,74.55
18161,21.36,77.24
18163,42.99,55.64
18165,26.57,71.31
18167,39.97,58.07
18169,23.9,74.7
18171,20.55,77.85
18173,34.13,64.33
18175,21.73,76.55
18177,32.94,65.4
18179,20.21,78.06
18181,26.38,71.39
18183,24.12,74.03
19001,26.72,71.75
19003,27.03,71.19
19005,32.18,66.51
19007,26.07,72.75
19009,29.95,68.35
19011,32.75,65.99
19013,49.96,48.8
19015,38.41,59.94
19017,38.27,60.45
19019,35.15,63.38
19021,32.76,66.02
19023,26.71,72.06
19025,26.08,72.81
19027,28.35,70.27
19029,28.87,69.59
19031,38.36,60.15
19033,43.39,55.04
19035,26.46,72.23
19037,30.8,67.96
19039,28.37,70.42
19041,27.8,71.02
19043,32.16,66.68
19045,39.78,58.64
19047,27.77,71.28
19049,46.94,51.69
19051,22.23,76.63
19053,25.68,72.74
19055,29.45,69.07
19057,41.77,56.82
19059,29.46,69.47
19061,45.1,53.69
19063,27.48,71.5
19065,33.96,64.43
19067,36.49,62.22
19069,28.52,70.24
19071,27.03,71.62
19073,32.89,65.88
19075,28.31,70.09
19077,30.3,68.25
19079,32.77,66.08
19081,25.67,73.08
19083,30.27,68.65
19085,28.28,70.12
19087,31.28,67.26
19089,33.47,65.27
19091,24.39,74.4
19093,22.68,76.08
19095,35.35,63.1
19097,33.08,65.61
19099,35.44,63.04
19101,45.55,52.34
19103,68.37,30.31
19105,36.0,62.29
19107,23.71,75.24
19109,27.27,71.43
19111,35.03,62.85
19113,54.23,44.32
19115,28.82,69.78
19117,25.2,73.29
19119,14.65,84.46
19121,30.1,68.67
19123,23.62,75.22
19125,30.42,68.18
19127,41.44,57.01
19129,29.87,68.97
19131,33.75,64.89
19133,26.78,72.16
19135,24.17,74.87
19137,29.8,68.88
19139,41.7,56.62
19141,19.04,79.96
19143,17.24,81.48
19145,28.23,70.62
19147,26.89,71.86
19149,22.28,76.53
19151,22.28,76.32
19153,54.81,43.92
19155,39.33,59.3
19157,40.79,57.75
19159,23.78,75.1
19161,23.66,75.26
19163,47.33,51.23
19165,27.92,70.92
19167,13.91,85.02
19169,54.4,44.03
19171,35.72,62.59
19173,21.64,77.36
19175,31.25,67.44
19177,21.48,76.89
19179,33.6,65.05
19181,38.92,59.66
19183,37.2,61.63
19185,20.62,77.78
19187,33.77,64.95
19189,33.93,64.62
19191,44.61,53.89
19193,37.83,60.85
19195,35.25,63.46
19197,31.02,67.53
20001,25.8,71.95
20003,19.31,79.08
20005,30.34,67.69
20007,13.27,85.44
20009,20.88,77.63
20011,21.97,76.13
20013,25.01,72.95
20015,28.38,69.57
20017,23.8,74.56
20019,13.82,85.07
20021,22.6,75.53
20023,14.49,83.33
20025,12.72,85.5
20027,21.08,76.59
20029,18.95,79.52
20031,21.34,77.02
20033,14.87,83.18
20035,29.02,69.31
20037,36.46,61.74
20039,14.81,83.82
20041,21.75,76.71
20043,17.5,81.05
20045,68.2,30.19
20047,16.78,82.11
20049,14.28,83.93
20051,25.99,72.11
20053,23.06,75.34
20055,31.77,66.46
20057,29.92,68.29
20059,28.93,69.04
20061,40.1,57.71
20063,10.74,87.89
20065,16.32,81.97
20067,17.79,80.77
20069,14.77,83.77
20071,12.65,86.0
20073,18.76,79.72
20075,16.07,82.33
20077,17.1,81.1
20079,38.56,59.62
20081,17.29,81.77
20083,14.08,84.58
20085,27.79,70.39
20087,30.52,67.43
20089,11.18,87.04
20091,53.36,44.87
20093,14.76,83.17
20095,19.08,79.02
20097,13.64,85.0
20099,30.11,68.3
20101,13.17,84.1
20103,37.57,60.35
20105,16.59,81.82
20107,17.03,81.6
20109,13.07,84.71
20111,41.6,56.29
20113,28.51,69.6
20115,24.34,73.46
20117,24.26,73.35
20119,14.57,84.19
20121,29.29,68.79
20123,16.65,82.22
20125,23.58,74.65
20127,25.82,72.39
20129,12.36,85.75
20131,15.8,82.83
20133,25.0,73.13
20135,9.46,88.41
20137,15.24,82.91
20139,24.66,72.68
20141,14.71,83.26
20143,15.85,82.42
20145,23.36,74.88
20147,12.05,85.77
20149,25.19,72.83
20151,23.37,74.82
20153,12.54,85.1
20155,31.75,66.25
20157,16.21,81.91
20159,20.8,77.48
20161,49.62,47.83
20163,13.77,84.96
20165,16.44,81.88
20167,18.42,79.73
20169,33.3,64.88
20171,11.62,86.32
20173,42.26,56.09
20175,29.66,68.63
20177,49.26,48.77
20179,9.18,89.51
20181,14.62,83.34
20183,14.96,83.5
20185,17.08,81.09
20187,17.32,80.87
20189,11.44,86.92
20191,23.95,74.04
20193,16.29,82.07
20195,13.61,84.63
20197,24.61,73.41
20199,6.95,91.71
20201,14.67,83.81
20203,12.44,86.05
20205,17.96,80.32
20207,18.73,80.01
20209,61.14,37.29
21001,14.01,85.2
21003,15.98,83.07
21005,24.64,73.72
21007,17.05,81.48
21009,23.06,75.86
21011,23.71,74.99
21013,15.2,83.87
21015,30.57,67.75
21017,32.39,65.9
21019,30.03,68.56
21021,34.72,63.73
21023,16.93,81.98
21025,19.6,78.94
21027,20.29,78.46
21029,23.8,74.79
21031,16.24,82.55
21033,20.3,78.54
21035,30.18,68.13
21037,39.24,58.9
21039,15.63,83.6
21041,23.93,74.88
21043,20.18,78.64
21045,11.36,87.8
21047,32.56,66.13
21049,31.56,66.88
21051,9.21,89.52
21053,11.25,87.62
21055,15.17,83.56
21057,14.04,84.97
21059,33.3,65.24
21061,17.9,80.81
21063,18.28,80.21
21065,17.71,80.95
21067,58.0,39.89
21069,19.06,79.69
21071,19.56,78.76
21073,46.59,51.44
21075,29.65,69.51
21077,19.43,79.37
21079,19.28,79.47
21081,16.95,81.74
21083,18.62,80.21
21085,18.48,80.28
21087,13.35,85.93
21089,24.07,74.61
21091,25.32,72.85
21093,34.48,63.82
21095,11.55,87.72
21097,25.12,73.62
21099,19.53,79.57
21101,34.73,63.97
21103,23.0,75.46
21105,19.04,80.04
21107,23.94,74.81
21109,8.53,90.29
21111,57.43,40.88
21113,31.16,67.01
21115,14.03,84.7
21117,38.16,59.9
21119,19.67,78.83
21121,13.84,84.97
21123,19.14,79.54
21125,14.48,84.34
21127,15.89,83.14
21129,15.09,82.79
21131,8.77,89.69
21133,17.28,81.23
21135,11.64,87.34
21137,18.85,80.05
21139,17.82,80.87
21141,21.86,76.92
21143,22.69,76.12
21145,31.91,66.85
21147,10.32,89.05
21149,21.35,77.23
21151,33.61,64.5
21153,17.24,81.3
21155,27.62,71.13
21157,21.02,77.71
21159,7.85,91.46
21161,27.48,71.17
21163,23.22,75.29
21165,20.17,77.86
21167,23.97,74.54
21169,17.25,81.91
21171,10.85,88.15
21173,25.97,72.56
21175,17.48,81.02
21177,22.26,76.63
21179,28.53,70.29
21181,24.83,73.85
21183,19.15,79.37
21185,37.71,60.3
21187,17.98,80.71
21189,11.04,88.36
21191,17.54,81.06
21193,19.68,79.19
21195,16.81,82.2
21197,21.9,76.34
21199,16.87,82.12
21201,18.79,79.98
21203,12.77,85.9
21205,35.29,63.05
21207,13.49,85.71
21209,35.28,62.99
21211,31.79,66.47
21213,27.38,71.25
21215,21.04,77.77
21217,21.02,77.7
21219,20.56,78.42
21221,23.17,75.54
21223,21.72,77.27
21225,20.22,78.54
21227,37.05,61.31
21229,24.19,74.47
21231,16.53,82.48
21233,20.75,78.1
21235,14.84,84.16
21237,23.64,74.2
21239,41.92,56.19
22001,17.57,81.52
22003,18.98,80.03
22005,32.19,66.14
22007,31.57,67.17
22009,27.81,70.95
22011,13.81,85.07
22013,40.46,58.5
22015,27.7,71.04
22017,51.6,46.96
22019,29.46,69.04
22021,13.38,85.93
22023,6.51,92.8
22025,24.38,74.93
22027,38.5,60.56
22029,34.79,64.14
22031,31.81,67.27
22033,54.46,43.39
22035,58.02,40.37
22037,38.29,60.52
22039,24.87,73.95
22041,24.96,74.15
22043,11.04,87.88
22045,32.4,66.52
22047,48.87,49.6
22049,25.63,73.22
22051,42.5,55.45
22053,18.8,79.94
22055,33.46,64.82
22057,18.35,80.43
22059,8.25,90.98
22061,36.5,61.95
22063,15.12,83.61
22065,52.45,46.24
22067,39.69,59.04
22069,38.16,60.51
22071,82.16,15.16
22073,35.45,63.33
22075,30.4,68.41
22077,35.71,63.26
22079,30.97,67.74
22081,35.46,62.74
22083,29.72,69.12
22085,14.63,84.69
22087,34.51,63.8
22089,33.02,65.37
22091,49.57,48.81
22093,49.13,50.06
22095,63.97,34.83
22097,40.04,58.88
22099,29.13,69.85
22101,33.55,65.42
22103,27.3,71.09
22105,30.64,68.05
22107,47.09,51.36
22109,23.48,75.29
22111,21.06,78.05
22113,17.55,81.39
22115,15.56,83.44
22117,29.32,69.61
22119,31.18,67.66
22121,43.42,55.12
22123,12.56,86.6
22125,33.36,65.3
22127,22.35,76.75
23001,45.91,52.01
23003,36.18,62.4
23005,66.9,30.59
23007,44.8,53.03
23009,54.67,42.89
23011,47.45,50.2
23013,58.22,39.63
23015,54.62,43.37
23017,42.69,55.59
23019,43.58,54.48
23021,34.39,63.57
23023,57.17,40.55
23025,35.63,62.68
23027,50.38,47.02
23029,37.47,60.97
23031,54.29,43.81
24001,28.85,69.19
24003,55.68,41.74
24005,60.99,36.49
24009,43.5,54.49
24011,29.86,67.91
24013,36.22,61.17
24015,33.51,64.38
24017,69.24,28.53
24019,41.57,56.13
24021,53.17,44.36
24023,21.89,75.91
24025,41.91,55.73
24027,69.13,27.38
24029,47.44,50.24
24031,75.22,21.92
24033,86.35,11.2
24035,35.08,62.86
24037,40.19,57.36
24039,40.18,57.53
24041,49.05,49.08
24043,37.34,60.35
24045,46.07,51.53
24047,37.98,59.99
24510,85.17,12.22
25001,59.61,38.86
25003,68.91,28.98
25005,49.77,48.46
25007,75.21,22.59
25009,59.2,38.86
25011,67.31,29.55
25013,53.4,44.51
25015,69.5,27.57
25017,68.49,29.04
25019,67.55,30.66
25021,63.33,34.57
25023,53.56,44.71
25025,74.83,22.38
25027,53.89,43.89
26001,28.61,70.27
26003,39.46,59.26
26005,35.66,62.88
26007,35.08,63.72
26009,37.5,61.25
26011,29.07,69.65
26013,34.35,64.15
26015,32.08,66.41
26017,42.01,56.73
26019,45.0,53.68
26021,45.36,53.24
26023,28.03,70.41
26025,42.32,56.37
26027,32.47,66.4
26029,40.76,57.66
26031,33.75,64.87
26033,37.01,61.26
26035,30.5,68.09
26037,44.94,53.54
26039,32.47,66.22
26041,34.11,64.5
26043,31.11,67.43
26045,47.65,50.79
26047,43.79,54.56
26049,51.37,47.18
26051,29.06,69.79
26053,40.82,57.92
26055,48.34,50.07
26057,33.67,64.96
26059,23.68,75.09
26061,40.7,57.74
26063,29.11,69.71
26065,63.87,34.16
26067,33.33,65.21
26069,33.97,64.55
26071,34.74,64.05
26073,45.47,52.96
26075,38.6,59.9
26077,58.02,40.28
26079,27.81,70.68
26081,51.83,46.46
26083,42.83,55.62
26085,33.23,65.41
26087,29.47,69.27
26089,53.2,45.45
26091,37.79,60.83
26093,37.39,61.34
26095,25.76,72.7
26097,36.96,61.84
26099,42.23,55.92
26101,41.25,57.19
26103,53.51,44.78
26105,38.62,59.98
26107,34.19,64.23
26109,32.59,66.21
26111,41.61,56.82
26113,21.25,77.22
26115,35.72,62.85
26117,29.76,68.74
26119,26.63,71.96
26121,48.37,50.16
26123,27.85,70.66
26125,54.35,43.76
26127,34.2,64.2
26129,28.35,70.36
26131,34.18,64.54
26133,25.23,73.11
26135,27.23,71.57
26137,31.63,66.95
26139,39.04,59.49
26141,34.74,63.71
26143,32.93,65.87
26145,47.68,50.96
26147,31.96,66.6
26149,32.25,66.21
26151,25.52,73.18
26153,33.31,65.26
26155,37.69,60.76
26157,27.87,70.86
26159,41.73,56.87
26161,71.01,26.59
26163,62.7,33.73
26165,31.96,66.58
27001,33.82,64.7
27003,46.58,51.02
27005,32.67,65.81
27007,46.33,51.99
27009,31.12,67.04
27011,34.23,63.78
27013,48.33,49.55
27015,31.5,66.72
27017,47.74,50.3
27019,46.32,51.72
27021,32.62,66.05
27023,32.16,66.27
27025,33.5,64.92
27027,49.25,48.77
27029,24.33,74.4
27031,66.36,31.37
27033,28.58,69.69
27035,33.58,64.96
27037,55.4,42.54
27039,33.0,65.03
27041,31.73,66.85
27043,30.39,67.8
27045,36.41,61.92
27047,38.68,60.01
27049,40.81,57.26
27051,33.62,64.17
27053,70.15,27.53
27055,40.96,57.46
27057,33.43,64.92
27059,28.59,69.79
27061,39.11,59.28
27063,28.11,70.2
27065,28.07,70.42
27067,33.66,64.68
27069,36.51,61.52
27071,36.38,62.04
27073,32.94,65.18
27075,51.0,47.12
27077,25.75,72.89
27079,32.35,66.03
27081,30.13,67.89
27083,33.09,64.88
27085,30.16,68.12
27087,44.81,53.54
27089,23.43,75.12
27091,29.46,69.13
27093,27.86,70.67
27095,28.85,69.71
27097,21.24,77.28
27099,43.92,54.41
27101,27.95,70.37
27103,48.78,49.29
27105,31.47,67.1
27107,37.53,59.76
27109,54.26,43.6
27111,32.1,66.31
27113,33.13,64.61
27115,31.64,66.8
27117,25.17,73.26
27119,32.28,66.04
27121,33.35,65.04
27123,70.52,27.2
27125,30.43,67.54
27127,27.71,71.03
27129,28.35,69.76
27131,47.83,50.34
27133,29.57,68.83
27135,24.66,73.99
27137,55.94,42.22
27139,44.78,53.27
27141,31.72,66.62
27143,27.62,70.65
27145,35.7,62.45
27147,36.76,61.23
27149,35.67,62.73
27151,32.1,66.26
27153,22.47,76.01
27155,33.15,64.69
27157,35.02,63.22
27159,23.65,75.12
27161,32.83,65.34
27163,53.53,44.61
27165,35.09,62.87
27167,29.49,68.5
27169,46.64,51.54
27171,34.43,63.78
27173,28.71,69.34
28001,56.53,42.6
28003,15.4,83.75
28005,32.96,65.8
28007,38.04,61.31
28009,33.97,65.34
28011,61.51,37.79
28013,25.64,73.63
28015,27.55,71.81
28017,42.71,56.39
28019,24.81,74.06
28021,83.31,15.76
28023,32.1,67.27
28025,54.76,44.35
28027,69.38,29.57
28029,46.52,52.58
28031,32.96,66.23
28033,36.7,60.78
28035,40.31,58.24
28037,29.83,69.63
28039,10.28,89.06
28041,14.78,84.55
28043,41.57,57.86
28045,20.13,78.79
28047,34.98,63.88
28049,72.37,26.28
28051,80.53,18.47
28053,70.44,28.55
28055,46.14,47.59
28057,9.67,89.66
28059,29.52,69.41
28061,47.17,52.19
28063,82.66,16.4
28065,56.55,42.8
28067,26.2,73.01
28069,58.27,41.39
28071,38.26,60.02
28073,24.98,73.75
28075,38.96,60.16
28077,31.37,67.95
28079,37.97,61.37
28081,30.04,68.87
28083,68.74,30.29
28085,26.97,72.35
28087,45.43,53.58
28089,40.75,58.04
28091,28.74,70.38
28093,45.97,53.24
28095,31.68,67.59
28097,39.26,60.08
28099,24.14,75.08
28101,27.92,71.23
28103,73.48,25.87
28105,49.03,49.31
28107,42.03,56.87
28109,16.14,82.84
28111,19.46,79.89
28113,47.8,51.29
28115,15.74,83.45
28117,16.64,82.66
28119,64.44,33.69
28121,25.92,73.04
28123,37.7,61.65
28125,68.01,31.2
28127,31.36,68.07
28129,19.36,80.07
28131,20.46,78.47
28133,67.45,31.93
28135,52.47,46.55
28137,27.64,71.42
28139,16.13,83.24
28141,10.18,89.1
28143,68.85,29.95
28145,14.48,84.62
28147,36.07,63.01
28149,47.45,51.41
28151,66.95,31.97
28153,33.21,65.94
28155,17.11,82.34
28157,61.99,36.68
28159,40.46,58.71
28161,38.94,59.85
28163,48.4,50.81
29001,32.58,66.16
29003,23.48,75.23
29005,19.5,79.32
29007,25.55,73.19
29009,17.78,81.3
29011,13.63,85.78
29013,18.74,80.36
29015,20.11,79.17
29017,12.27,87.08
29019,53.85,44.09
29021,35.25,63.26
29023,17.69,81.47
29025,18.88,80.18
29027,27.63,70.9
29029,22.4,76.71
29031,26.18,72.68
29033,17.42,81.89
29035,12.72,86.93
29037,33.3,65.39
29039,14.75,84.37
29041,21.4,77.76
29043,23.34,75.59
29045,18.84,80.38
29047,46.4,52.04
29049,25.43,73.34
29051,32.08,66.5
29053,26.57,72.38
29055,18.53,80.73
29057,16.03,83.15
29059,17.27,81.84
29061,17.86,81.15
29063,18.07,80.7
29065,14.43,84.65
29067,13.66,85.64
29069,18.75,80.55
29071,26.5,72.36
29073,19.45,79.66
29075,18.71,80.53
29077,38.89,59.72
29079,17.82,81.41
29081,13.89,85.64
29083,23.19,75.8
29085,19.1,80.23
29087,15.18,84.27
29089,27.06,71.32
29091,16.21,82.97
29093,18.24,80.67
29095,58.87,39.54
29097,25.94,72.71
29099,30.99,67.73
29101,29.5,69.09
29103,17.18,81.71
29105,16.14,82.89
29107,24.9,73.76
29109,17.64,81.45
29111,19.45,79.5
29113,21.5,77.39
29115,20.81,78.06
29117,20.7,78.52
29119,15.24,83.99
29121,18.9,80.38
29123,17.14,82.06
29125,15.78,83.31
29127,23.06,75.99
29129,13.11,86.22
29131,15.89,83.22
29133,22.81,76.51
29135,18.05,80.81
29137,19.58,79.43
29139,19.51,79.65
29141,19.67,79.37
29143,22.92,76.39
29145,20.17,78.82
29147,27.62,71.36
29149,15.09,84.22
29151,13.06,86.17
29153,14.61,84.62
29155,25.26,74.33
29157,17.89,81.3
29159,24.91,73.67
29161,27.88,70.79
29163,20.68,78.62
29165,47.7,50.84
29167,18.64,80.24
29169,24.22,74.49
29171,14.58,84.92
29173,19.98,79.19
29175,23.32,75.48
29177,25.1,73.76
29179,15.44,83.74
29181,13.15,86.18
29183,40.8,57.77
29185,19.23,79.85
29186,26.9,71.93
29187,23.8,75.21
29189,60.84,37.42
29195,29.22,69.65
29197,17.17,81.65
29199,18.67,80.14
29201,20.24,79.15
29203,15.57,83.83
29205,16.86,82.5
29207,12.77,86.65
29209,18.93,80.31
29211,16.57,82.62
29213,19.88,79.21
29215,13.79,85.51
29217,19.77,79.26
29219,24.73,74.23
29221,17.07,82.31
29223,13.39,86.03
29225,18.44,80.69
29227,17.19,81.81
29229,11.77,87.44
29510,81.37,16.66
30001,26.63,70.04
30003,47.25,48.95
30005,44.65,50.55
30007,18.4,78.38
30009,32.25,64.67
30011,8.78,88.99
30013,37.31,59.65
30015,32.04,64.25
30017,23.89,72.59
30019,16.19,81.81
30021,19.28,78.2
30023,48.79,47.82
30025,10.82,86.46
30027,22.68,73.97
30029,31.77,65.55
30031,49.98,46.78
30033,4.88,94.5
30035,57.76,38.18
30037,13.01,85.44
30039,26.61,70.63
30041,38.71,56.89
30043,30.35,66.87
30045,19.59,77.68
30047,38.5,58.43
30049,45.42,51.11
30051,21.66,76.11
30053,22.18,75.57
30055,11.92,86.04
30057,26.14,71.43
30059,21.84,75.77
30061,24.32,72.33
30063,58.95,37.52
30065,13.15,84.66
30067,44.58,52.3
30069,11.42,87.65
30071,17.59,80.08
30073,27.42,69.14
30075,11.84,87.07
30077,21.63,75.14
30079,17.73,79.36
30081,28.37,68.94
30083,14.65,82.63
30085,42.92,52.5
30087,29.65,66.77
30089,21.13,76.22
30091,26.62,69.09
30093,51.5,44.5
30095,17.88,79.56
30097,22.05,75.14
30099,25.98,70.99
30101,20.28,76.78
30103,12.9,83.03
30105,22.92,74.01
30107,19.24,77.62
30109,13.0,84.8
30111,34.88,62.0
31001,28.54,70.15
31003,11.49,87.96
31005,6.03,93.62
31007,8.81,90.16
31009,12.71,85.91
31011,16.36,82.45
31013,21.15,77.61
31015,12.28,87.26
31017,12.24,86.97
31019,26.88,71.82
31021,26.89,71.99
31023,19.75,79.4
31025,30.62,67.82
31027,14.29,84.3
31029,10.93,88.32
31031,11.37,87.55
31033,17.37,81.5
31035,17.43,80.88
31037,24.03,74.97
31039,19.51,79.55
31041,13.35,85.66
31043,34.46,64.28
31045,25.65,72.7
31047,24.74,74.34
31049,14.92,83.3
31051,19.79,78.45
31053,33.05,65.65
31055,54.4,44.23
31057,10.33,89.24
31059,21.97,76.83
31061,14.75,84.44
31063,13.12,86.03
31065,14.84,84.67
31067,29.7,68.92
31069,14.5,84.96
31071,11.43,87.98
31073,18.16,81.13
31075,4.1,95.9
31077,15.55,83.4
31079,30.5,68.26
31081,19.24,79.61
31083,15.54,83.57
31085,3.85,95.55
31087,10.61,88.56
31089,12.51,86.51
31091,12.88,86.42
31093,18.08,80.79
31095,26.66,71.99
31097,29.04,69.52
31099,20.42,78.47
31101,17.41,81.35
31103,8.09,91.91
31105,15.81,82.79
31107,17.72,81.0
31109,51.39,47.08
31111,21.78,76.98
31113,5.68,92.95
31115,17.06,82.71
31117,4.24,94.35
31119,21.41,77.41
31121,16.81,81.78
31123,15.09,83.51
31125,19.16,79.59
31127,26.77,71.47
31129,17.67,81.31
31131,30.04,68.93
31133,20.59,78.68
31135,13.11,85.83
31137,15.27,83.75
31139,11.44,87.76
31141,20.38,78.72
31143,17.77,81.45
31145,15.31,83.73
31147,23.69,75.14
31149,10.19,89.33
31151,32.8,66.03
31153,43.51,55.16
31155,26.23,72.64
31157,25.64,73.36
31159,26.0,72.59
31161,14.57,84.62
31163,19.44,79.67
31165,11.36,88.05
31167,16.06,82.77
31169,19.07,79.87
31171,11.2,88.55
31173,46.07,52.99
31175,17.53,81.43
31177,28.2,70.59
31179,24.7,73.93
31181,16.79,82.19
31183,11.73,87.24
31185,23.6,74.94
32001,23.54,73.78
32003,50.44,47.81
32005,32.49,65.35
32007,20.62,77.24
32009,15.84,81.56
32011,10.04,87.84
32013,21.31,76.48
32015,17.69,80.0
32017,12.7,85.28
32019,26.7,71.14
32021,30.98,66.58
32023,28.0,70.18
32027,21.49,76.43
32029,29.69,68.55
32031,49.32,48.32
32033,20.29,77.32
32510,43.05,54.31
33001,43.08,56.14
33003,48.78,50.46
33005,54.38,44.56
33007,42.69,56.48
33009,59.35,39.41
33011,50.93,48.05
33013,52.1,46.89
33015,48.34,50.78
33017,55.52,43.45
33019,49.09,49.75
34001,47.69,50.72
34003,50.68,47.29
34005,57.64,41.02
34007,62.98,35.54
34009,39.67,58.92
34011,47.56,51.31
34013,71.69,26.78
34015,47.81,50.61
34017,62.62,34.57
34019,45.72,52.38
34021,65.88,32.02
34023,52.52,44.49
34025,43.42,54.81
34027,47.66,50.39
34029,31.38,67.4
34031,46.93,49.79
34033,39.6,58.8
34035,55.68,41.77
34037,36.65,61.59
34039,61.23,37.01
34041,38.77,59.47
35001,59.23,38.21
35003,24.23,74.33
35005,26.76,71.59
35006,49.57,48.02
35007,41.91,55.94
35009,27.79,70.38
35011,23.57,74.26
35013,53.79,44.02
35015,21.44,77.29
35017,51.33,46.26
35019,49.48,48.76
35021,29.7,68.91
35023,37.86,61.22
35025,18.53,80.14
35027,29.84,68.29
35028,63.4,33.21
35029,39.42,58.32
35031,60.74,36.2
35033,57.86,40.61
35035,35.4,62.36
35037,28.48,69.38
35039,58.62,39.2
35041,27.41,70.6
35043,51.8,46.02
35045,33.0,64.74
35047,62.88,34.99
35049,73.35,24.44
35051,39.17,58.34
35053,46.79,50.48
35055,72.36,24.88
35057,29.86,67.98
35059,22.7,74.89
35061,40.9,57.27
36001,62.92,37.08
36003,28.4,71.6
36005,72.72,27.28
36007,50.21,49.79
36009,33.59,66.41
36011,43.5,56.5
36013,39.01,60.99
36015,41.6,58.4
36017,36.39,63.61
36019,48.92,51.08
36021,57.35,42.65
36023,46.78,53.22
36025,40.12,59.88
36027,52.71,47.29
36029,54.84,45.16
36031,50.25,49.75
36033,45.49,54.51
36035,32.07,67.93
36037,33.02,66.98
36039,41.51,58.49
36041,35.26,64.74
36043,31.78,68.22
36045,38.2,61.8
36047,71.99,28.01
36049,27.79,72.21
36051,39.28,60.72
36053,43.47,56.53
36055,59.54,40.46
36057,35.64,64.36
36059,47.9,52.1
36061,82.41,17.59
36063,42.54,57.46
36065,39.37,60.63
36067,58.64,41.36
36069,49.41,50.59
36071,45.81,54.19
36073,29.77,70.23
36075,37.91,62.09
36077,46.07,53.93
36079,43.16,56.84
36081,62.3,37.7
36083,50.68,49.32
36085,35.11,64.89
36087,44.09,55.91
36089,41.0,59.0
36091,50.91,49.09
36093,55.41,44.59
36095,34.73,65.27
36097,39.52,60.48
36099,44.1,55.9
36101,34.11,65.89
36103,45.01,54.99
36105,41.65,58.35
36107,38.56,61.44
36109,75.31,24.69
36111,59.33,40.67
36113,47.89,52.11
36115,39.39,60.61
36117,38.46,61.54
36119,63.14,36.86
36121,25.89,74.11
36123,41.92,58.08
37001,45.36,53.52
37003,19.68,79.53
37005,23.66,75.62
37007,48.37,50.88
37009,27.37,71.84
37011,23.45,75.84
37013,34.12,65.22
37015,57.57,41.88
37017,39.54,59.94
37019,37.19,62.04
37021,61.71,36.91
37023,29.02,70.26
37025,45.48,53.2
37027,23.35,75.97
37029,24.19,74.95
37031,28.04,71.14
37033,37.36,61.91
37035,30.58,68.57
37037,55.69,43.2
37039,20.77,78.22
37041,38.43,60.89
37043,24.64,74.74
37045,32.18,67.16
37047,32.8,66.73
37049,39.29,59.75
37051,56.09,42.69
37053,25.56,73.49
37055,40.11,58.9
37057,25.94,73.0
37059,26.17,72.64
37061,35.24,64.19
37063,80.17,18.23
37065,61.03,38.32
37067,55.97,42.81
37069,42.72,56.29
37071,37.04,62.06
37073,38.7,60.38
37075,17.59,81.42
37077,44.83,54.25
37079,40.71,58.81
37081,60.23,38.39
37083,58.54,40.85
37085,36.91,62.02
37087,36.88,62.01
37089,42.15,56.71
37091,63.05,36.27
37093,52.35,46.41
37095,38.52,60.61
37097,33.23,65.85
37099,44.58,53.95
37101,38.69,60.21
37103,36.77,62.46
37105,40.81,58.28
37107,46.24,53.03
37109,26.77,72.49
37111,25.05,74.24
37113,30.55,68.58
37115,37.53,61.02
37117,44.56,54.88
37119,65.62,32.73
37121,21.71,77.58
37123,30.75,68.58
37125,34.8,64.32
37127,48.71,50.48
37129,49.78,49.15
37131,56.96,42.46
37133,31.52,67.46
37135,74.86,23.8
37137,33.61,65.68
37139,47.09,51.97
37141,32.08,67.05
37143,29.7,69.08
37145,37.72,61.42
37147,52.45,46.48
37149,37.04,62.21
37151,21.03,78.27
37153,39.23,60.11
37155,35.84,63.52
37157,31.67,67.58
37159,31.62,67.53
37161,25.76,73.57
37163,34.82,64.6
37165,46.22,53.15
37167,24.23,75.08
37169,19.83,79.43
37171,23.01,76.33
37173,37.56,61.27
37175,43.33,55.5
37177,38.81,60.33
37179,36.84,62.12
37181,56.29,42.94
37183,61.92,36.38
37185,58.81,39.82
37187,52.84,46.61
37189,52.3,46.32
37191,41.37,57.77
37193,19.85,79.5
37195,49.8,49.4
37197,18.38,80.8
37199,32.32,66.76
38001,18.05,80.77
38003,31.38,66.7
38005,39.87,58.32
38007,14.44,84.32
38009,21.48,76.8
38011,12.85,85.91
38013,12.37,86.49
38015,27.46,70.7
38017,44.86,53.29
38019,24.84,73.9
38021,22.87,75.11
38023,21.19,76.55
38025,14.88,84.13
38027,26.31,71.77
38029,10.66,88.25
38031,19.8,78.37
38033,12.4,86.08
38035,40.11,58.29
38037,15.72,82.52
38039,23.42,74.94
38041,14.84,84.16
38043,17.11,81.74
38045,21.48,76.53
38047,11.35,87.1
38049,17.51,81.28
38051,16.58,81.97
38053,14.75,84.39
38055,20.25,78.38
38057,14.83,83.84
38059,22.17,75.94
38061,27.71,70.86
38063,33.05,65.01
38065,14.39,83.86
38067,22.8,76.1
38069,22.46,76.37
38071,29.07,69.35
38073,34.95,63.11
38075,14.88,82.54
38077,30.16,68.01
38079,63.23,35.15
38081,32.76,65.46
38083,13.41,85.52
38085,68.84,30.0
38087,8.53,90.7
38089,16.47,82.06
38091,36.52,61.89
38093,26.72,71.33
38095,26.04,71.71
38097,33.31,64.95
38099,26.32,71.5
38101,25.47,72.85
38103,18.06,80.95
38105,15.16,83.28
39001,16.88,82.62
39003,27.51,71.61
39005,24.54,74.5
39007,35.38,63.77
39009,54.94,44.19
39011,17.34,81.91
39013,26.04,73.34
39015,18.98,80.48
39017,36.43,62.7
39019,22.22,76.96
39021,24.15,74.92
39023,34.77,64.3
39025,31.66,67.44
39027,22.3,76.92
39029,25.11,74.11
39031,23.48,75.69
39033,23.14,76.09
39035,65.36,33.89
39037,16.97,82.35
39039,29.59,69.45
39041,46.23,52.83
39043,42.46,56.6
39045,37.54,61.59
39047,22.06,77.21
39049,63.68,35.28
39051,28.39,70.79
39053,19.94,79.34
39055,37.54,61.66
39057,39.51,59.31
39059,23.61,75.67
39061,56.95,42.07
39063,30.23,68.67
39065,22.21,76.87
39067,21.93,77.14
39069,26.19,72.92
39071,18.06,81.41
39073,27.46,71.75
39075,15.03,84.18
39077,27.55,71.6
39079,20.67,78.75
39081,27.49,71.4
39083,27.11,72.02
39085,42.39,56.73
39087,24.39,74.92
39089,34.54,64.56
39091,21.48,77.69
39093,46.68,52.4
39095,55.8,43.25
39097,27.64,71.3
39099,44.94,54.36
39101,28.89,70.26
39103,37.16,61.96
39105,21.17,78.14
39107,16.27,82.99
39109,26.99,72.12
39111,19.66,79.42
39113,49.77,49.3
39115,23.0,76.2
39117,21.74,77.48
39119,27.65,71.57
39121,17.35,81.97
39123,37.01,62.08
39125,21.42,77.65
39127,22.36,76.88
39129,25.27,73.81
39131,22.86,76.54
39133,41.79,57.32
39135,20.06,79.19
39137,15.17,83.91
39139,28.43,70.77
39141,29.9,69.24
39143,34.12,64.99
39145,25.73,73.7
39147,30.74,68.25
39149,17.2,82.02
39151,38.6,60.53
39153,53.04,46.05
39155,41.19,58.01
39157,27.97,71.25
39159,34.69,64.32
39161,20.37,78.86
39163,20.38,78.98
39165,33.76,65.28
39167,27.74,71.49
39169,29.92,69.18
39171,25.41,73.66
39173,44.43,54.58
39175,23.98,75.2
40001,17.76,80.76
40003,10.93,87.55
40005,13.76,85.34
40007,7.44,91.24
40009,14.24,84.32
40011,17.72,80.67
40013,20.04,78.59
40015,25.42,72.51
40017,28.79,69.18
40019,21.95,76.69
40021,32.69,65.29
40023,16.74,82.16
40025,7.06,91.98
40027,41.44,56.35
40029,13.59,84.91
40031,37.4,60.74
40033,15.64,82.48
40035,20.01,78.27
40037,21.22,76.96
40039,22.41,75.66
40041,19.19,79.56
40043,9.44,89.57
40045,10.87,87.47
40047,22.2,75.96
40049,16.4,82.46
40051,17.94,80.6
40053,13.88,84.42
40055,16.56,82.3
40057,18.71,80.39
40059,10.13,88.49
40061,14.55,84.2
40063,17.84,80.36
40065,19.89,78.17
40067,13.43,85.05
40069,16.17,81.84
40071,24.45,73.81
40073,13.67,85.06
40075,20.07,78.37
40077,16.7,82.28
40079,16.98,81.76
40081,17.54,80.8
40083,24.44,73.49
40085,16.17,82.39
40087,18.84,79.47
40089,15.0,83.87
40091,22.95,75.68
40093,9.4,88.76
40095,17.74,81.17
40097,20.31,77.78
40099,18.35,79.68
40101,30.38,67.95
40103,20.36,77.73
40105,15.79,82.75
40107,21.41,77.23
40109,48.03,49.71
40111,27.73,70.39
40113,28.44,69.83
40115,22.46,75.95
40117,19.69,78.56
40119,36.07,61.35
40121,19.76,78.77
40123,25.67,72.27
40125,25.25,72.69
40127,13.1,85.6
40129,9.23,89.32
40131,21.63,76.63
40133,24.25,73.98
40135,18.65,80.16
40137,17.38,81.05
40139,15.23,82.96
40141,19.74,79.19
40143,41.3,56.53
40145,24.23,73.99
40147,25.0,72.65
40149,11.84,86.63
40151,16.88,81.23
40153,13.22,85.22
41001,24.16,73.34
41003,68.06,28.46
41005,53.36,43.64
41007,54.12,42.76
41009,41.37,55.26
41011,38.66,58.54
41013,23.48,74.28
41015,40.56,56.66
41017,53.65,43.55
41019,29.92,67.58
41021,25.75,71.24
41023,18.39,78.78
41025,18.81,78.19
41027,66.28,30.54
41029,45.46,51.89
41031,33.65,63.83
41033,34.2,63.26
41035,27.86,69.76
41037,16.22,81.53
41039,60.01,36.87
41041,57.67,39.25
41043,36.24,60.63
41045,26.36,70.71
41047,47.5,49.5
41049,24.12,72.49
41051,79.31,17.19
41053,46.59,50.39
41055,20.12,77.07
41057,47.9,49.25
41059,29.74,67.49
41061,28.15,68.73
41063,30.95,66.23
41065,45.54,51.22
41067,65.29,31.33
41069,24.33,71.38
41071,45.31,51.43
42001,32.72,66.36
42003,59.67,39.36
42005,23.04,76.23
42007,39.22,59.93
42009,15.4,84.01
42011,43.43,55.6
42013,27.91,71.37
42015,25.62,73.53
42017,49.48,49.55
42019,33.48,65.69
42021,29.77,69.46
42023,24.25,74.54
42025,32.19,66.98
42027,50.89,48.06
42029,56.71,42.25
42031,23.12,76.2
42033,23.86,75.39
42035,29.13,70.0
42037,34.02,65.05
42039,29.99,69.24
42041,44.65,54.09
42043,52.38,46.46
42045,61.35,37.61
42047,26.14,73.12
42049,49.03,50.05
42051,30.8,68.74
42053,27.32,71.77
42055,28.07,71.06
42057,13.48,86.08
42059,26.64,71.47
42061,23.18,76.12
42063,30.07,69.18
42065,20.35,78.84
42067,18.92,80.31
42069,51.04,48.26
42071,41.53,57.48
42073,32.77,66.54
42075,33.56,65.52
42077,50.74,48.05
42079,40.03,59.2
42081,28.84,70.3
42083,25.99,73.17
42085,34.49,64.65
42087,21.45,77.86
42089,49.12,49.9
42091,60.88,38.07
42093,38.98,59.99
42095,48.62,50.4
42097,29.56,69.48
42099,24.82,74.14
42101,78.81,20.0
42103,37.57,61.62
42105,18.44,80.73
42107,28.53,70.6
42109,26.15,73.18
42111,21.03,78.26
42113,26.23,73.13
42115,27.2,71.92
42117,23.63,75.38
42119,37.83,61.21
42121,28.52,70.64
42123,29.98,69.22
42125,36.93,62.43
42127,31.08,68.17
42129,35.42,63.85
42131,31.09,67.91
42133,36.89,62.15
44001,62.09,35.74
44003,49.94,48.06
44005,61.63,36.14
44007,56.12,41.69
44009,56.37,41.36
45001,28.21,70.63
45003,36.35,62.25
45005,71.62,26.89
45007,25.72,73.07
45009,56.99,41.73
45011,41.64,57.18
45013,42.15,56.63
45015,41.14,57.41
45017,42.19,56.53
45019,51.94,46.27
45021,23.91,75.27
45023,40.84,58.05
45025,35.45,63.52
45027,43.28,55.55
45029,40.36,58.52
45031,42.78,56.1
45033,44.19,55.02
45035,41.78,56.37
45037,33.47,65.32
45039,55.97,42.73
45041,45.32,53.34
45043,39.64,59.14
45045,38.01,60.21
45047,34.85,63.83
45049,52.57,46.17
45051,30.26,68.81
45053,44.68,54.32
45055,35.27,63.49
45057,37.01,61.78
45059,29.02,69.87
45061,55.78,38.11
45063,32.55,66.01
45065,40.84,57.94
45067,54.65,44.11
45069,50.6,48.23
45071,32.22,66.56
45073,23.63,75.18
45075,61.76,37.19
45077,22.98,75.64
45079,66.39,31.81
45081,27.22,71.58
45083,32.59,66.22
45085,51.86,46.97
45087,33.23,65.93
45089,60.25,38.55
45091,39.72,58.8
46003,21.68,75.81
46005,28.77,68.84
46007,35.75,62.13
46009,23.3,74.73
46011,40.02,57.4
46013,35.65,62.46
46015,27.49,69.91
46017,62.45,35.19
46019,18.54,79.18
46021,14.35,84.45
46023,27.66,70.57
46025,22.53,75.03
46027,52.04,45.5
46029,28.42,69.2
46031,43.31,55.21
46033,26.11,71.87
46035,29.89,67.65
46037,34.11,63.98
46039,22.98,74.72
46041,55.16,42.38
46043,13.21,85.59
46045,18.91,79.67
46047,24.1,73.35
46049,16.19,81.42
46051,26.06,71.46
46053,18.79,78.96
46055,9.33,89.24
46057,18.91,79.36
46059,20.69,78.0
46061,19.5,78.74
46063,5.85,91.95
46065,33.65,63.77
46067,20.21,78.1
46069,21.29,76.26
46071,31.62,66.7
46073,27.63,70.87
46075,10.91,86.73
46077,27.13,71.01
46079,33.49,64.66
46081,32.93,64.27
46083,35.67,62.16
46085,29.16,68.62
46087,24.18,73.47
46089,14.47,83.68
46091,37.08,61.07
46093,23.32,74.2
46095,38.51,58.65
46097,25.11,72.07
46099,42.48,55.16
46101,32.99,64.85
46102,83.83,13.26
46103,35.44,61.88
46105,14.33,84.35
46107,16.49,81.59
46109,37.6,60.59
46111,21.37,76.65
46115,29.34,68.33
46117,25.76,72.62
46119,18.65,79.47
46121,73.85,23.38
46123,17.71,81.01
46125,23.01,74.35
46127,28.71,69.4
46129,19.51,78.67
46135,35.85,61.39
46137,46.86,49.68
47001,31.53,67.26
47003,20.52,78.51
47005,18.14,81.07
47007,14.39,84.87
47009,25.52,73.24
47011,20.01,78.86
47013,14.84,84.46
47015,16.45,82.58
47017,18.79,80.35
47019,17.92,81.15
47021,26.34,72.26
47023,16.97,81.91
47025,14.56,84.7
47027,16.33,82.9
47029,15.42,83.67
47031,21.82,76.91
47033,20.2,78.94
47035,20.2,79.09
47037,62.7,35.26
47039,14.98,84.08
47041,18.16,80.87
47043,23.46,75.39
47045,18.81,80.61
47047,28.36,70.71
47049,11.76,87.56
47051,22.96,76.12
47053,23.56,75.51
47055,22.05,77.07
47057,12.87,86.52
47059,16.55,82.28
47061,14.98,84.29
47063,20.12,79.03
47065,42.67,55.72
47067,11.49,87.96
47069,37.53,61.63
47071,14.09,85.11
47073,15.18,84.01
47075,49.77,49.4
47077,15.79,83.7
47079,21.8,77.14
47081,19.09,80.17
47083,20.29,78.45
47085,21.38,77.44
47087,18.32,80.8
47089,17.44,81.61
47091,14.96,84.29
47093,39.45,58.96
47095,22.12,77.0
47097,31.1,68.15
47099,15.05,84.11
47101,16.83,82.38
47103,17.25,81.89
47105,22.96,75.96
47107,17.48,81.73
47109,15.33,83.76
47111,12.36,86.69
47113,40.32,58.52
47115,21.72,77.43
47117,21.24,77.85
47119,27.15,71.75
47121,15.87,83.37
47123,16.16,82.99
47125,40.04,58.46
47127,14.83,83.74
47129,12.31,86.76
47131,17.22,82.14
47133,17.45,81.69
47135,15.02,84.47
47137,16.49,82.63
47139,15.54,83.67
47141,25.73,73.14
47143,16.01,82.9
47145,22.15,76.65
47147,24.03,74.88
47149,38.37,60.15
47151,9.81,89.62
47153,16.38,82.66
47155,18.93,80.07
47157,61.8,36.42
47159,17.08,81.99
47161,17.52,81.4
47163,22.01,76.98
47165,28.51,70.34
47167,23.11,75.95
47169,20.14,79.02
47171,18.48,80.51
47173,14.03,85.18
47175,16.05,83.25
47177,21.43,77.53
47179,29.61,69.08
47181,11.16,88.07
47183,20.34,78.7
47185,16.28,82.88
47187,32.97,65.36
47189,29.36,69.44
48001,18.78,80.59
48003,13.3,85.91
48005,23.67,75.68
48007,21.73,77.45
48009,10.13,89.48
48011,6.94,92.79
48013,27.94,71.26
48015,18.31,81.0
48017,19.08,80.17
48019,18.63,80.48
48021,40.19,58.56
48023,11.02,88.08
48025,29.65,69.53
48027,41.34,57.57
48029,54.31,44.56
48031,23.16,75.69
48033,4.13,95.61
48035,15.92,83.26
48037,25.34,74.05
48039,39.5,59.2
48041,36.85,61.7
48043,43.03,55.62
48045,9.68,89.52
48047,54.45,44.84
48049,12.65,86.59
48051,18.21,81.05
48053,21.72,77.43
48055,42.19,56.61
48057,23.66,75.83
48059,10.89,88.48
48061,46.72,52.52
48063,22.91,76.52
48065,9.14,90.35
48067,17.02,82.69
48069,20.68,78.87
48071,16.79,82.36
48073,18.26,80.93
48075,11.58,87.63
48077,9.89,89.54
48079,16.57,82.31
48081,9.87,89.47
48083,10.3,89.34
48085,43.12,54.26
48087,11.24,88.76
48089,21.09,78.29
48091,26.75,72.25
48093,12.74,86.78
48095,12.77,86.64
48097,16.2,83.08
48099,29.1,69.79
48101,13.55,86.0
48103,13.41,86.16
48105,22.79,76.71
48107,23.99,75.32
48109,40.85,57.75
48111,10.5,88.8
48113,60.21,38.0
48115,19.0,80.03
48117,23.78,75.43
48119,14.94,84.65
48121,42.68,55.83
48123,16.23,83.27
48125,14.7,84.99
48127,51.5,48.23
48129,10.16,88.32
48131,44.9,54.67
48133,10.98,88.45
48135,23.19,76.1
48137,13.23,86.47
48139,34.03,65.1
48141,56.95,41.82
48143,15.65,83.65
48145,27.29,72.02
48147,15.91,83.3
48149,18.87,80.28
48151,18.04,81.3
48153,17.14,82.1
48155,16.88,82.2
48157,49.5,47.92
48159,15.31,84.24
48161,16.57,82.92
48163,37.46,62.03
48165,8.39,91.02
48167,35.7,63.11
48169,13.32,85.93
48171,19.17,80.1
48173,5.73,93.97
48175,19.53,79.77
48177,22.3,77.12
48179,11.15,88.27
48181,22.46,76.73
48183,28.47,70.72
48185,19.47,79.73
48187,34.75,64.27
48189,20.51,78.5
48191,12.97,86.34
48193,14.0,85.33
48195,7.3,92.15
48197,13.38,86.12
48199,11.89,87.69
48201,51.97,46.44
48203,24.38,74.96
48205,8.09,91.42
48207,13.94,85.4
48209,52.14,46.49
48211,11.79,87.59
48213,17.96,81.44
48215,48.12,51.0
48217,17.48,81.84
48219,16.56,82.83
48221,16.61,82.58
48223,17.39,82.0
48225,22.06,77.41
48227,18.25,81.09
48229,26.49,73.12
48231,21.87,77.38
48233,11.08,88.25
48235,12.1,87.67
48237,8.64,90.91
48239,14.33,85.1
48241,16.51,83.1
48243,38.49,59.79
48245,45.13,54.01
48247,54.01,45.74
48249,42.03,57.55
48251,23.85,75.29
48253,13.06,86.21
48255,20.71,78.84
48257,35.65,63.52
48259,21.69,77.38
48261,25.95,72.78
48263,11.24,87.64
48265,22.43,76.77
48267,10.87,88.51
48269,4.44,95.56
48271,24.38,74.91
48273,43.34,56.06
48275,15.55,84.01
48277,19.21,80.26
48279,17.56,81.86
48281,19.76,79.33
48283,39.53,60.04
48285,11.78,87.88
48287,19.49,79.92
48289,11.4,88.1
48291,19.01,80.6
48293,21.18,78.08
48295,9.77,89.36
48297,14.95,84.58
48299,19.18,80.03
48301,10.31,88.66
48303,29.73,69.25
48305,14.45,84.73
48307,12.95,86.34
48309,34.04,64.94
48311,7.6,91.99
48313,17.56,81.95
48315,23.36,75.88
48317,11.86,87.61
48319,17.18,82.19
48321,24.28,74.82
48323,40.48,58.98
48325,28.25,71.0
48327,16.36,82.87
48329,19.3,79.84
48331,21.01,78.35
48333,11.31,88.22
48335,14.01,85.32
48337,10.89,88.54
48339,26.79,72.27
48341,16.05,83.19
48343,24.15,75.32
48345,5.38,94.15
48347,30.19,69.0
48349,23.74,75.56
48351,16.56,83.16
48353,19.95,79.16
48355,43.78,55.26
48357,8.94,90.53
48359,7.6,91.89
48361,16.36,83.11
48363,16.07,83.2
48365,16.66,83.06
48367,16.38,82.78
48369,14.7,84.78
48371,27.03,71.86
48373,20.22,79.13
48375,27.26,71.69
48377,64.64,34.4
48379,13.26,86.19
48381,19.35,79.75
48383,14.86,84.3
48385,16.09,82.99
48387,19.03,80.78
48389,31.11,68.04
48391,29.92,69.47
48393,3.51,95.96
48395,23.62,75.75
48397,29.06,69.95
48399,11.14,88.26
48401,19.98,79.41
48403,10.57,89.09
48405,21.59,77.85
48407,17.01,82.29
48409,31.38,67.8
48411,10.21,89.23
48413,17.33,81.77
48415,12.83,86.45
48417,8.45,90.62
48419,17.5,82.07
48421,5.5,93.69
48423,27.01,72.11
48425,14.21,85.01
48427,41.79,57.78
48429,10.21,89.55
48431,6.84,92.69
48433,15.36,84.36
48435,16.29,83.36
48437,17.79,81.24
48439,46.74,51.86
48441,24.6,74.38
48443,22.47,77.53
48445,17.17,82.33
48447,8.11,91.44
48449,22.29,77.01
48451,25.5,73.5
48453,68.76,29.43
48455,16.21,83.21
48457,13.04,86.52
48459,14.18,85.2
48461,11.2,88.18
48463,32.94,66.35
48465,36.23,62.85
48467,12.35,87.17
48469,28.37,70.97
48471,29.64,69.59
48473,36.97,62.0
48475,16.66,82.76
48477,22.29,77.0
48479,48.53,50.7
48481,23.77,75.61
48483,7.44,92.12
48485,27.5,71.51
48487,19.27,79.9
48489,48.05,51.34
48491,47.95,50.4
48493,22.91,76.62
48495,14.65,85.2
48497,14.66,84.71
48499,14.84,84.58
48501,14.29,85.21
48503,11.58,87.83
48505,38.53,60.97
48507,56.82,42.44
49001,12.27,86.58
49003,18.24,79.05
49005,31.08,65.51
49007,26.73,71.14
49009,18.36,80.55
49011,35.97,60.84
49013,11.25,87.15
49015,12.03,86.63
49017,19.25,78.66
49019,53.36,43.91
49021,20.39,77.38
49023,11.26,87.01
49025,25.35,73.05
49027,11.17,87.05
49029,18.59,78.44
49031,9.76,88.68
49033,14.79,83.69
49035,53.71,43.49
49037,40.79,57.1
49039,14.73,82.31
49041,11.31,87.19
49043,56.47,41.67
49045,28.13,69.09
49047,12.33,85.9
49049,28.51,68.29
49051,35.19,62.63
49053,22.96,75.24
49055,23.08,74.98
49057,36.81,60.3
50001,66.44,30.55
50003,59.97,37.45
50005,54.47,42.03
50007,75.37,21.72
50009,39.41,55.43
50011,50.02,47.04
50013,59.19,38.11
50015,66.33,30.53
50017,58.28,38.11
50019,47.81,49.36
50021,51.28,46.0
50023,69.96,26.6
50025,69.62,26.94
50027,66.34,30.74
51001,43.01,56.34
51003,66.35,32.23
51005,25.54,73.61
51007,27.56,71.91
51009,31.38,67.86
51011,24.1,75.12
51013,78.25,19.65
51015,25.79,73.33
51017,22.77,76.53
51019,24.42,74.79
51021,14.77,84.5
51023,27.02,72.15
51025,54.07,45.53
51027,14.53,85.12
51029,37.75,61.24
51031,25.31,73.89
51033,45.07,53.88
51035,18.1,81.39
51036,54.92,44.16
51037,33.43,65.98
51041,53.82,44.83
51043,40.82,57.67
51045,17.37,82.09
51047,36.97,61.94
51049,38.59,60.79
51051,18.67,80.9
51053,38.12,61.25
51057,45.76,53.51
51059,66.13,31.13
51061,38.57,60.23
51063,30.84,68.06
51065,46.35,52.63
51067,26.92,72.2
51069,35.22,63.64
51071,22.41,76.91
51073,30.39,68.76
51075,40.15,58.73
51077,18.55,80.75
51079,37.02,61.74
51081,54.33,45.07
51083,39.14,60.19
51085,36.58,62.35
51087,63.68,34.81
51089,33.28,66.11
51091,27.21,71.62
51093,39.64,59.42
51095,52.55,46.32
51097,36.81,62.5
51099,36.82,61.84
51101,29.31,69.89
51103,46.09,53.11
51105,13.76,85.81
51107,56.65,40.36
51109,36.48,62.68
51111,38.32,61.13
51113,31.99,67.2
51115,29.92,69.25
51117,39.37,60.19
51119,35.93,63.31
51121,50.91,47.42
51125,45.78,53.3
51127,33.69,65.54
51131,52.74,46.59
51133,39.02,60.18
51135,38.46,60.82
51137,37.19,61.87
51139,22.53,76.63
51141,19.45,79.87
51143,28.15,71.29
51145,27.51,71.58
51147,48.16,50.74
51149,38.88,60.18
51153,57.62,39.63
51155,27.3,71.97
51157,40.51,58.42
51159,34.58,64.82
51161,38.2,60.67
51163,32.62,66.41
51165,30.95,68.0
51167,16.06,83.57
51169,14.53,84.94
51171,28.36,70.61
51173,19.45,79.9
51175,36.88,62.38
51177,45.13,53.69
51179,49.63,48.83
51181,49.13,49.79
51183,51.9,47.47
51185,15.26,84.15
51187,30.63,68.26
51191,23.02,76.35
51193,42.44,56.73
51195,18.1,81.4
51197,19.92,79.45
51199,46.27,52.41
51510,77.85,20.12
51520,29.83,69.49
51530,26.88,71.33
51540,83.4,14.71
51550,51.3,47.49
51570,33.35,65.8
51580,33.05,66.34
51590,60.08,39.02
51595,65.15,34.16
51600,65.43,32.0
51610,80.28,18.06
51620,60.86,38.08
51630,64.91,33.2
51640,27.71,71.62
51650,69.22,29.35
51660,61.7,36.34
51670,56.38,42.62
51678,62.7,35.98
51680,45.39,53.31
51683,56.48,41.63
51685,58.76,38.78
51690,60.71,38.09
51700,63.69,34.89
51710,69.99,28.46
51720,27.88,71.45
51730,85.79,13.02
51735,26.41,72.28
51740,68.62,29.99
51750,49.33,48.81
51760,82.03,15.76
51770,61.09,37.47
51775,39.83,59.09
51790,55.98,42.6
51800,57.35,41.45
51810,50.67,48.02
51820,46.48,52.17
51830,71.49,26.99
51840,54.2,44.43
53001,27.22,70.48
53003,35.82,61.46
53005,37.68,59.59
53007,43.91,53.38
53009,52.57,44.7
53011,52.11,45.12
53013,26.7,70.15
53015,38.67,58.59
53017,35.17,62.15
53019,32.1,65.11
53021,37.44,60.13
53023,24.57,72.45
53025,29.96,67.44
53027,45.59,51.63
53029,56.83,40.26
53031,71.05,25.74
53033,74.15,22.46
53035,58.84,37.9
53037,41.09,55.67
53039,43.74,53.06
53041,31.99,65.0
53043,23.61,74.18
53045,47.16,49.66
53047,41.06,56.05
53049,48.14,49.44
53051,28.96,68.57
53053,53.85,43.1
53055,73.72,22.34
53057,52.92,44.05
53059,43.03,54.16
53061,57.81,38.85
53063,46.03,51.0
53065,26.67,70.81
53067,58.46,38.06
53069,39.44,57.55
53071,44.62,52.69
53073,60.8,35.92
53075,52.81,43.83
53077,41.58,55.92
54001,18.75,79.3
54003,31.19,66.99
54005,20.15,77.55
54007,23.21,75.12
54009,26.79,71.42
54011,38.03,59.92
54013,16.62,81.44
54015,17.9,80.15
54017,12.65,85.96
54019,28.09,69.85
54021,20.73,77.73
54023,9.91,88.88
54025,27.98,70.13
54027,18.0,80.61
54029,25.79,72.62
54031,20.23,77.94
54033,28.49,69.44
54035,21.05,77.27
54037,41.04,56.84
54039,40.18,57.62
54041,19.47,78.75
54043,17.8,80.28
54045,16.11,82.83
54047,19.1,79.45
54049,33.23,64.47
54051,24.08,74.12
54053,20.02,78.05
54055,20.57,77.9
54057,19.24,79.41
54059,12.5,86.28
54061,46.48,50.86
54063,18.14,79.93
54065,21.4,77.05
54067,19.12,79.31
54069,35.99,62.03
54071,19.85,78.45
54073,19.59,78.61
54075,23.76,74.06
54077,20.47,77.47
54079,25.9,72.23
54081,22.01,76.35
54083,25.94,72.07
54085,12.77,85.75
54087,22.06,75.87
54089,23.29,74.68
54091,23.32,74.63
54093,24.48,73.4
54095,15.32,82.69
54097,20.62,77.42
54099,22.43,75.79
54101,15.98,82.66
54103,20.98,76.49
54105,15.85,82.14
54107,27.65,70.7
54109,12.95,85.96
55001,34.57,60.4
55003,51.63,46.92
55005,33.39,62.47
55007,54.51,43.38
55009,45.61,53.12
55011,34.17,64.43
55013,33.91,64.85
55015,39.34,59.31
55017,37.95,60.93
55019,29.44,68.44
55021,47.03,51.63
55023,42.49,56.29
55025,75.1,23.42
55027,32.84,65.75
55029,50.56,48.33
55031,51.95,46.62
55033,41.45,57.36
55035,54.6,44.01
55037,24.79,74.6
55039,35.07,63.78
55041,32.99,66.38
55043,40.24,58.42
55045,49.5,49.23
55047,31.26,67.6
55049,52.91,45.27
55051,36.46,62.69
55053,39.59,59.08
55055,41.12,57.5
55057,33.41,65.56
55059,46.23,52.48
55061,32.56,66.32
55063,54.0,44.64
55065,39.28,59.51
55067,32.13,66.75
55069,36.69,61.86
55071,37.63,60.99
55073,40.07,58.74
55075,30.43,68.42
55077,34.57,64.22
55078,80.53,18.83
55079,68.35,29.83
55081,36.34,62.45
55083,28.0,71.04
55085,40.58,58.2
55087,44.18,54.36
55089,44.11,54.6
55091,34.98,64.26
55093,40.17,56.94
55095,33.91,64.85
55097,49.82,48.63
55099,33.93,65.07
55101,46.29,52.46
55103,42.83,55.96
55105,52.93,45.64
55107,30.46,68.51
55109,39.47,58.76
55111,48.36,50.03
55113,41.35,57.74
55115,31.28,67.58
55117,41.14,57.5
55119,25.27,73.48
55121,38.71,60.13
55123,45.32,53.12
55125,38.0,61.1
55127,38.3,60.54
55129,35.31,63.56
55131,31.27,67.58
55133,39.47,59.22
55135,32.76,66.17
55137,31.83,67.03
55139,46.93,51.68
55141,39.38,59.31
56001,47.46,50.63
56003,13.04,85.52
56005,10.99,87.77
56007,20.14,78.27
56009,12.65,86.19
56011,10.28,88.26
56013,30.36,67.71
56015,18.85,79.77
56017,18.74,79.95
56019,17.46,81.14
56021,32.99,65.42
56023,15.12,83.47
56025,24.82,73.45
56027,9.11,90.08
56029,19.66,78.94
56031,16.5,81.95
56033,24.17,74.24
56035,18.83,79.94
56037,22.52,75.69
56039,66.9,31.61
56041,17.38,81.06
56043,17.08,81.36
56045,10.82,87.84
02013,43.1,56.9
02016,43.1,56.9
02020,43.1,56.9
02050,43.1,56.9
02060,43.1,56.9
02063,43.1,56.9
02066,43.1,56.9
02068,43.1,56.9
02070,43.1,56.9
02090,43.1,56.9
02100,43.1,56.9
02105,43.1,56.9
02110,43.1,56.9
02122,43.1,56.9
02130,43.1,56.9
02150,43.1,56.9
02158,43.1,56.9
02164,43.1,56.9
02170,43.1,56.9
02180,43.1,56.9
02185,43.1,56.9
02188,43.1,56.9
02195,43.1,56.9
02198,43.1,56.9
02220,43.1,56.9
02230,43.1,56.9
02240,43.1,56.9
02261,43.1,56.9
02275,43.1,56.9
02282,43.1,56.9
02290,43.1,56.9
