fips,dist_to_coast_mi,dist_to_mountains_mi
01001,150.9,318.1
01003,37.1,456.7
01005,116.7,307.0
01007,180.8,318.7
01009,249.9,256.5
01011,131.4,304.1
01013,98.3,358.4
01015,246.3,227.4
01017,188.5,248.4
01019,267.4,207.8
01021,171.8,307.0
01023,117.8,399.8
01025,96.1,408.2
01027,212.4,250.3
01029,240.1,217.1
01031,84.8,352.8
01033,299.4,305.8
01035,72.3,387.0
01037,183.7,282.2
01039,73.4,377.3
01041,105.6,346.0
01043,258.6,267.6
01045,85.2,339.2
01047,133.7,347.6
01049,292.1,202.8
01051,164.1,294.0
01053,49.9,410.1
01055,261.1,227.3
01057,231.5,326.2
01059,281.8,312.7
01061,62.1,365.6
01063,174.8,365.6
01065,164.5,352.7
01067,95.0,323.2
01069,70.4,346.7
01071,309.8,204.8
01073,218.6,287.3
01075,239.7,337.1
01077,312.3,294.6
01079,285.4,282.5
01081,167.4,263.6
01083,305.0,258.8
01085,125.1,337.0
01087,151.1,287.6
01089,303.9,235.9
01091,132.3,381.6
01093,261.3,321.3
01095,274.9,234.0
01097,32.1,467.6
01099,82.3,395.0
01101,137.7,316.5
01103,280.9,258.3
01105,154.8,342.0
01107,207.0,352.7
01109,111.4,328.8
01111,214.4,232.0
01113,147.5,275.7
01115,235.2,252.6
01117,200.6,286.7
01119,159.7,375.0
01121,213.8,259.9
01123,184.1,267.0
01125,200.6,327.6
01127,234.4,300.0
01129,78.5,429.6
01131,110.0,371.8
01133,259.6,293.3
02013,63.5,456.3
02016,186.4,1156.9
02020,20.6,39.7
02050,250.6,213.0
02060,75.4,150.9
02063,13.7,120.5
02066,123.0,13.9
02068,171.5,50.2
02070,140.6,156.7
02090,262.5,174.7
02100,9.2,335.3
02105,44.7,360.3
02110,9.5,406.0
02122,52.0,57.6
02130,22.0,632.4
02150,56.4,179.4
02158,167.7,334.0
02164,55.2,173.8
02170,74.8,45.3
02180,40.8,416.0
02185,134.9,132.7
02188,31.4,273.4
02195,86.4,497.9
02198,66.6,570.6
02220,13.6,436.6
02230,38.8,322.5
02240,246.9,129.2
02275,63.1,570.7
02282,187.4,171.5
02290,238.1,158.2
04001,479.4,119.7
04003,430.7,254.8
04005,381.5,44.6
04007,374.5,107.3
04009,420.8,185.1
04011,458.7,191.1
04012,196.4,172.2
04013,273.1,138.1
04015,288.6,126.2
04017,436.7,73.3
04019,311.5,212.5
04021,334.5,158.2
04023,372.5,257.6
04025,299.1,67.9
04027,186.5,213.6
05001,322.8,159.1
05003,277.2,205.4
05005,455.4,73.3
05007,487.3,56.3
05009,478.0,42.0
05011,306.9,178.1
05013,323.3,164.6
05015,491.7,37.2
05017,262.7,215.3
05019,342.0,122.1
05021,400.3,176.5
05023,418.5,84.9
05025,329.0,151.3
05027,286.4,178.7
05029,420.5,58.7
05031,401.3,160.7
05033,435.4,43.9
05035,354.3,184.5
05037,368.7,157.9
05039,346.3,135.4
05041,292.0,186.9
05043,295.4,183.2
05045,402.3,79.5
05047,432.3,29.7
05049,434.3,102.1
05051,377.4,86.7
05053,358.2,121.1
05055,419.2,165.6
05057,313.7,142.9
05059,363.2,107.3
05061,333.9,121.8
05063,415.4,108.8
05065,446.3,91.0
05067,398.5,128.5
05069,340.0,137.7
05071,440.4,15.8
05073,281.2,177.0
05075,424.2,135.3
05077,336.8,168.8
05079,315.9,161.7
05081,306.0,150.9
05083,413.8,42.0
05085,365.8,115.8
05087,468.0,19.3
05089,467.0,56.1
05091,281.8,173.9
05093,388.3,193.3
05095,341.1,151.0
05097,368.5,87.2
05099,314.3,147.8
05101,466.0,17.7
05103,317.4,156.6
05105,405.2,67.2
05107,316.3,177.1
05109,342.3,113.8
05111,385.4,159.0
05113,360.2,99.4
05115,437.8,35.6
05117,360.0,128.5
05119,380.4,97.7
05121,415.8,143.0
05123,351.6,163.8
05125,386.5,92.2
05127,386.5,72.4
05129,456.5,45.5
05131,408.6,60.3
05133,326.0,131.6
05135,437.3,116.3
05137,437.9,76.3
05139,295.9,189.0
05141,432.9,57.2
05143,462.7,42.0
05145,391.0,105.2
05147,373.7,133.6
05149,402.0,55.7
06001,33.8,126.5
06003,157.3,36.8
06005,109.8,54.3
06007,124.0,89.3
06009,109.3,62.1
06011,80.8,114.7
06013,31.0,129.1
06015,11.8,196.7
06017,126.5,31.9
06019,116.9,64.9
06021,84.7,127.8
06023,32.7,231.2
06025,108.0,261.5
06027,197.5,49.8
06029,85.5,89.9
06031,76.5,91.9
06033,53.2,141.8
06035,198.1,115.0
06037,34.5,166.1
06039,126.0,34.9
06041,22.0,160.3
06043,128.6,19.1
06045,39.3,180.3
06047,76.9,70.8
06049,179.9,172.2
06051,189.6,42.3
06053,40.9,138.4
06055,49.8,126.7
06057,139.4,38.5
06059,24.4,204.2
06061,129.8,33.5
06063,171.0,72.7
06065,106.1,237.0
06067,77.2,80.7
06069,45.2,111.1
06071,140.2,169.2
06073,40.8,261.8
06075,29.5,184.9
06077,67.6,92.7
06079,25.4,146.4
06081,27.5,153.1
06083,21.5,172.8
06085,44.5,119.3
06087,29.1,140.5
06089,126.1,154.2
06091,162.6,39.9
06093,86.4,173.2
06095,44.4,114.7
06097,49.1,157.2
06099,82.9,77.3
06101,95.7,86.2
06103,115.3,133.8
06105,69.6,192.3
06107,131.8,37.1
06109,139.0,29.8
06111,32.5,161.8
06113,68.9,101.2
06115,119.2,67.7
08001,777.5,62.5
08003,728.8,56.1
08005,788.2,66.7
08007,655.4,37.0
08009,710.9,221.8
08011,762.5,193.3
08013,810.4,8.5
08014,802.6,24.0
08015,743.1,61.9
08017,764.3,174.4
08019,807.0,18.6
08021,699.1,48.0
08023,738.5,80.6
08025,806.9,149.2
08027,765.3,82.6
08029,676.5,98.9
08031,804.4,36.7
08033,605.1,93.3
08035,826.4,55.7
08037,756.9,37.0
08039,795.5,87.6
08041,829.0,95.2
08043,774.2,84.9
08045,700.3,101.7
08047,819.1,9.7
08049,800.4,33.2
08051,706.5,68.5
08053,659.7,32.8
08055,773.4,100.6
08057,810.3,63.3
08059,822.2,32.0
08061,775.6,184.3
08063,740.0,161.4
08065,758.7,33.1
08067,619.9,63.7
08069,790.1,45.5
08071,762.6,153.3
08073,788.6,127.0
08075,689.4,136.5
08077,654.2,128.1
08079,668.8,15.2
08081,727.3,136.4
08083,586.0,101.5
08085,642.6,93.6
08087,739.1,91.0
08089,783.7,168.6
08091,653.8,62.4
08093,783.8,36.5
08095,666.7,171.2
08097,733.0,55.6
08099,740.1,218.5
08101,810.6,128.5
08103,701.8,119.6
08105,693.5,24.1
08107,774.5,80.4
08109,721.6,38.4
08111,645.2,47.9
08113,619.5,91.3
08115,654.1,176.0
08117,782.8,7.5
08119,799.3,66.6
08121,729.7,121.3
08123,748.9,70.3
08125,698.3,162.9
09110,71.9,152.2
09120,49.2,195.1
09130,61.9,177.2
09140,70.6,172.7
09150,46.3,143.4
09160,87.2,148.9
09170,68.8,190.2
09180,41.9,168.8
09190,46.5,188.0
10001,67.7,166.6
10003,72.7,170.3
10005,47.3,171.2
11001,103.1,84.7
12001,71.6,409.4
12003,48.1,364.7
12005,10.3,415.1
12007,50.4,390.7
12009,39.0,515.4
12011,24.2,660.9
12013,32.7,392.5
12015,50.1,601.4
12017,25.0,466.4
12019,35.9,389.6
12021,22.0,658.3
12023,68.1,371.7
12027,50.8,582.5
12029,64.7,420.0
12031,9.9,367.1
12033,11.5,447.8
12035,25.7,429.1
12037,31.0,430.7
12039,63.5,367.8
12041,84.7,406.4
12043,75.9,602.3
12045,34.8,428.1
12047,86.7,353.5
12049,48.2,561.6
12051,53.4,631.0
12053,11.3,486.7
12055,65.9,574.7
12057,36.6,532.5
12059,46.3,379.3
12061,12.7,557.4
12063,50.1,367.4
12065,53.2,368.8
12067,70.1,389.6
12069,52.5,474.6
12071,64.0,625.1
12073,52.5,369.8
12075,53.9,437.7
12077,49.8,393.7
12079,71.6,360.4
12081,13.7,561.4
12083,62.8,442.8
12085,49.5,601.3
12086,10.3,699.9
12087,27.8,697.4
12089,21.2,347.7
12091,39.2,417.9
12093,41.4,575.4
12095,51.3,494.4
12097,48.6,527.1
12099,43.6,630.2
12101,17.5,503.7
12103,37.0,531.9
12105,67.4,530.4
12107,51.8,417.4
12109,35.7,399.6
12111,29.2,580.7
12113,21.9,429.0
12115,16.2,578.7
12117,36.1,484.1
12119,41.0,476.5
12121,85.3,374.9
12123,43.7,394.8
12125,57.0,383.3
12127,13.9,458.7
12129,27.3,395.6
12131,37.7,407.0
12133,27.9,390.6
13001,74.1,267.0
13003,102.6,298.1
13005,88.0,279.8
13007,107.0,316.5
13009,141.9,180.7
13011,208.4,103.1
13013,199.9,130.7
13015,261.9,162.4
13017,122.6,269.2
13019,119.5,300.8
13021,159.0,204.6
13023,132.4,223.8
13025,62.1,305.7
13027,88.6,335.9
13029,20.6,254.9
13031,42.7,225.7
13033,84.5,177.8
13035,185.4,179.9
13037,111.3,307.2
13039,36.5,327.6
13043,60.5,222.2
13045,236.5,202.4
13047,302.6,156.6
13049,46.2,333.7
13051,8.3,262.9
13053,157.8,260.2
13055,295.0,178.8
13057,245.0,145.9
13059,183.4,124.0
13061,106.7,310.1
13063,216.9,178.5
13065,79.9,323.7
13067,238.0,164.4
13069,109.3,280.6
13071,107.7,313.4
13073,120.5,142.2
13075,113.0,311.9
13077,224.7,201.7
13079,173.1,216.9
13081,156.1,264.3
13083,317.2,177.4
13085,240.2,123.9
13087,81.4,347.6
13089,214.9,160.0
13091,121.1,240.5
13093,158.4,249.8
13095,126.7,297.7
13097,239.8,183.9
13099,90.8,326.4
13101,85.9,338.4
13103,23.0,233.3
13105,172.0,104.3
13107,77.8,208.2
13109,46.4,240.7
13111,266.3,114.4
13113,217.1,189.0
13115,280.9,179.3
13117,228.5,132.4
13119,199.6,94.1
13121,227.5,167.7
13123,263.6,127.1
13125,117.3,164.0
13127,56.2,308.6
13129,274.2,154.0
13131,81.3,341.6
13133,157.5,144.8
13135,212.6,142.7
13137,224.2,88.4
13139,219.5,115.9
13141,136.9,163.5
13143,250.0,198.5
13145,181.0,241.4
13147,189.0,90.3
13149,216.1,219.2
13151,200.5,175.7
13153,151.7,227.1
13155,132.3,279.7
13157,200.0,118.0
13159,172.4,171.7
13161,92.3,261.9
13163,101.4,175.7
13165,69.9,196.2
13167,100.1,201.0
13169,156.9,188.2
13171,189.7,198.2
13173,102.8,316.9
13175,108.6,222.9
13177,144.8,277.9
13179,29.1,268.8
13181,140.6,124.9
13183,44.8,269.6
13185,99.6,332.3
13187,238.9,110.7
13189,124.6,146.4
13191,45.4,291.6
13193,173.4,240.7
13195,185.8,109.4
13197,164.4,252.3
13199,204.7,216.4
13201,88.0,332.5
13205,105.8,317.4
13207,176.2,195.9
13209,84.0,236.9
13211,173.5,149.5
13213,280.5,138.0
13215,166.9,253.1
13217,188.7,161.0
13219,180.9,133.1
13221,167.3,124.1
13223,251.9,177.5
13225,162.8,222.7
13227,254.7,137.5
13229,78.2,293.8
13231,203.1,204.7
13233,264.0,188.5
13235,139.6,239.0
13237,156.7,165.1
13239,122.0,295.6
13241,233.7,71.1
13243,121.7,295.0
13245,104.0,156.6
13247,200.8,160.1
13249,164.2,253.1
13251,53.8,203.6
13253,70.9,350.2
13255,201.9,190.9
13257,211.5,85.0
13259,139.2,278.1
13261,155.0,264.6
13263,186.3,231.3
13265,144.2,142.6
13267,56.3,247.0
13269,183.8,233.1
13271,108.1,255.9
13273,132.1,286.7
13275,83.6,337.3
13277,129.8,292.3
13279,72.0,240.8
13281,245.9,84.6
13283,88.6,220.5
13285,199.8,228.5
13287,145.6,275.4
13289,141.2,209.5
13291,251.8,99.4
13293,193.7,213.9
13295,303.2,169.3
13297,191.9,143.7
13299,70.8,314.3
13301,128.7,151.8
13303,115.8,182.4
13305,61.1,282.0
13307,144.5,272.3
13309,95.6,241.8
13311,232.7,96.4
13313,290.8,149.9
13315,137.3,257.0
13317,150.3,126.6
13319,130.4,197.0
13321,130.7,290.3
15001,26.8,9.3
15003,13.3,94.3
15005,8.4,61.5
15007,15.3,14.5
15009,7.0,28.1
16001,398.1,268.4
16003,364.6,188.4
16005,607.4,91.1
16007,659.6,88.0
16009,352.0,124.8
16011,589.1,82.7
16013,510.7,158.4
16015,414.8,224.1
16017,361.5,152.7
16019,622.2,41.9
16021,373.4,169.4
16023,541.8,119.7
16025,469.1,199.1
16027,372.6,245.2
16029,639.0,62.0
16031,544.1,166.0
16033,570.7,94.7
16035,399.7,81.4
16037,479.5,180.0
16039,436.7,234.4
16041,636.4,105.3
16043,613.9,60.2
16045,380.9,233.9
16047,476.0,205.7
16049,407.6,105.8
16051,580.8,78.6
16053,508.9,183.4
16055,351.0,134.6
16057,348.1,129.5
16059,488.6,143.2
16061,363.1,126.5
16063,508.0,172.4
16065,612.7,47.3
16067,535.6,149.8
16069,347.8,138.8
16071,600.7,126.0
16073,413.7,279.6
16075,365.6,241.0
16077,577.4,117.2
16079,387.3,91.7
16081,634.6,27.4
16083,491.2,208.4
16085,405.6,167.3
16087,354.5,222.0
17001,226.5,315.3
17003,327.3,249.6
17005,219.6,308.6
17007,66.5,515.4
17009,208.0,324.3
17011,106.9,442.3
17013,241.7,279.6
17015,119.4,473.9
17017,186.8,338.3
17019,113.8,416.1
17021,175.7,346.7
17023,164.3,388.1
17025,210.5,342.8
17027,236.7,296.4
17029,155.7,386.2
17031,7.7,466.2
17033,186.9,372.5
17035,172.1,374.9
17037,60.5,491.9
17039,127.9,392.7
17041,138.9,397.5
17043,27.0,486.5
17045,140.2,399.8
17047,228.7,350.5
17049,192.1,350.4
17051,202.9,330.7
17053,85.1,437.9
17055,267.1,294.6
17057,164.6,368.7
17059,274.4,321.8
17061,221.9,298.9
17063,54.5,468.8
17065,255.8,316.1
17067,211.2,342.2
17069,291.8,313.4
17071,188.9,373.2
17073,138.1,424.4
17075,68.0,446.3
17077,288.3,266.0
17079,189.3,367.6
17081,246.7,305.8
17083,235.4,284.6
17085,125.4,486.4
17087,302.0,280.5
17089,42.7,504.2
17091,43.0,461.1
17093,48.7,484.2
17095,150.5,396.6
17097,16.6,481.3
17099,75.8,456.8
17101,206.3,359.6
17103,89.2,469.0
17105,78.0,442.3
17107,145.8,374.3
17109,186.5,356.3
17111,49.1,515.5
17113,108.8,411.2
17115,148.3,374.1
17117,211.0,309.3
17119,235.4,287.8
17121,223.8,319.6
17123,106.1,425.7
17125,161.5,363.4
17127,316.4,283.6
17129,166.7,354.8
17131,171.3,402.1
17133,275.7,250.7
17135,199.9,323.5
17137,197.0,325.0
17139,154.3,375.7
17141,88.3,486.1
17143,133.6,399.5
17145,268.7,277.4
17147,130.0,395.0
17149,228.2,300.3
17151,301.1,296.8
17153,321.8,261.7
17155,99.4,436.6
17157,280.2,256.1
17159,208.7,359.3
17161,157.6,422.3
17163,257.4,269.7
17165,278.4,305.5
17167,175.6,344.4
17169,194.4,339.6
17171,211.3,312.3
17173,173.9,357.1
17175,126.1,417.1
17177,100.3,496.9
17179,133.4,390.6
17181,305.6,263.1
17183,105.2,418.3
17185,225.6,354.0
17187,172.3,382.2
17189,252.5,285.9
17191,231.1,333.1
17193,252.2,333.6
17195,120.1,454.2
17197,30.2,472.6
17199,284.6,285.9
17201,78.7,508.0
17203,108.9,415.8
18001,99.6,307.0
18003,91.7,321.9
18005,191.8,299.8
18007,76.5,418.9
18009,127.3,321.2
18011,126.0,360.4
18013,185.5,313.8
18015,91.1,386.4
18017,88.4,378.4
18019,242.0,263.5
18021,160.6,360.9
18023,110.1,372.6
18025,242.2,286.1
18027,208.7,330.5
18029,193.1,259.3
18031,195.9,287.7
18033,80.5,327.2
18035,142.0,321.4
18037,232.2,308.1
18039,84.7,373.6
18041,167.5,291.6
18043,248.3,266.0
18045,110.0,394.7
18047,178.3,275.8
18049,78.2,379.5
18051,233.8,337.5
18053,126.2,338.8
18055,185.1,343.4
18057,137.5,343.1
18059,158.1,322.6
18061,253.8,267.5
18063,143.1,349.5
18065,157.5,314.0
18067,110.8,361.8
18069,119.2,335.7
18071,207.4,294.5
18073,51.1,421.6
18075,117.3,304.2
18077,226.0,262.7
18079,211.2,279.6
18081,169.2,320.4
18083,208.1,344.8
18085,90.5,364.0
18087,99.6,354.4
18089,17.0,443.2
18091,40.4,414.3
18093,204.7,312.3
18095,140.8,337.5
18097,150.5,334.9
18099,68.8,385.8
18101,210.2,319.5
18103,99.1,363.0
18105,182.8,325.5
18107,119.0,377.1
18109,162.9,334.8
18111,51.2,435.0
18113,101.2,346.9
18115,205.7,249.5
18117,224.3,299.7
18119,168.3,345.5
18121,134.0,378.9
18123,254.3,285.4
18125,228.6,324.8
18127,25.7,429.2
18129,254.5,341.0
18131,61.6,400.7
18133,144.6,359.7
18135,132.1,300.2
18137,202.1,268.7
18139,176.7,301.2
18141,62.8,394.1
18143,228.2,272.6
18145,175.0,309.4
18147,256.3,299.9
18149,52.8,403.2
18151,77.6,335.0
18153,180.4,361.9
18155,214.3,247.0
18157,95.9,392.6
18159,122.0,356.5
18161,161.8,281.5
18163,254.3,327.2
18165,127.6,393.7
18167,156.9,374.7
18169,106.5,351.8
18171,93.3,410.4
18173,249.2,315.2
18175,226.5,286.2
18177,149.4,297.0
18179,111.2,320.5
18181,73.4,404.2
18183,110.6,343.9
19001,356.0,385.6
19003,373.2,366.5
19005,176.6,528.6
19007,286.8,343.3
19009,369.1,413.2
19011,220.7,441.6
19013,226.6,465.3
19015,314.5,431.7
19017,224.6,486.4
19019,203.2,469.4
19021,317.6,428.5
19023,247.8,480.7
19025,329.6,459.2
19027,356.1,437.3
19029,378.0,390.1
19031,182.4,431.9
19033,263.5,502.8
19035,329.5,404.4
19037,223.1,505.5
19039,326.9,361.7
19041,297.0,422.8
19043,173.6,500.2
19045,150.9,450.5
19047,366.5,431.2
19049,326.4,407.7
19051,263.5,346.9
19053,332.3,341.4
19055,179.6,475.0
19057,198.9,375.0
19059,279.8,416.8
19061,155.6,481.3
19063,267.6,443.1
19065,199.5,496.1
19067,246.9,502.6
19069,272.6,479.4
19071,423.6,360.0
19073,336.9,434.0
19075,251.7,457.8
19077,349.1,410.1
19079,297.9,455.5
19081,269.6,492.5
19083,274.5,455.6
19085,398.3,420.0
19087,215.7,373.5
19089,224.2,526.5
19091,296.1,474.1
19093,347.6,417.5
19095,230.5,413.9
19097,147.8,466.9
19099,278.4,407.4
19101,236.1,369.2
19103,206.7,418.4
19105,174.5,455.3
19107,240.2,388.9
19109,268.5,467.5
19111,219.2,352.4
19113,198.7,445.6
19115,196.5,393.5
19117,303.9,361.7
19119,309.5,366.7
19121,333.6,383.1
19123,264.0,385.0
19125,287.3,382.8
19127,267.1,432.2
19129,418.7,379.3
19131,240.8,522.9
19133,379.3,404.0
19135,280.7,362.9
19137,396.7,371.8
19139,184.9,413.2
19141,309.2,399.3
19143,292.5,395.2
19145,400.6,352.7
19147,286.3,446.7
19149,345.6,376.0
19151,308.0,451.4
19153,303.4,406.6
19155,407.8,398.4
19157,252.9,410.0
19159,355.3,343.4
19161,338.8,437.1
19163,157.6,432.4
19165,387.8,417.7
19167,325.1,372.0
19169,291.1,431.0
19171,244.2,436.7
19173,378.1,347.3
19175,350.2,363.5
19177,240.4,352.4
19179,257.6,366.2
19181,311.4,382.3
19183,217.9,393.9
19185,309.7,341.4
19187,318.5,459.8
19189,249.6,489.1
19191,200.2,525.1
19193,361.2,391.0
19195,243.3,513.7
19197,292.2,479.2
20001,490.6,175.1
20003,477.5,194.0
20005,436.1,276.3
20007,591.5,304.2
20009,635.2,344.2
20011,471.8,160.5
20013,441.5,300.2
20015,565.1,229.6
20017,535.2,242.7
20019,549.1,178.9
20021,501.3,120.6
20023,683.9,200.5
20025,619.7,359.6
20027,532.9,316.7
20029,553.2,340.9
20031,496.8,208.5
20033,602.1,333.4
20035,560.7,210.1
20037,486.8,139.7
20039,641.0,267.6
20041,545.0,292.0
20043,421.4,289.9
20045,453.7,235.5
20047,647.0,351.7
20049,549.9,190.4
20051,651.1,338.2
20053,601.3,327.2
20055,694.0,288.8
20057,649.2,341.7
20059,464.5,214.2
20061,522.1,284.8
20063,689.9,277.6
20065,646.4,302.1
20067,681.6,282.6
20069,667.8,313.0
20071,750.3,223.8
20073,533.5,208.9
20075,722.5,242.4
20077,576.7,271.1
20079,583.6,267.3
20081,669.1,300.7
20083,673.9,328.3
20085,463.0,279.3
20087,447.3,258.9
20089,574.3,376.7
20091,432.0,225.1
20093,707.3,264.3
20095,601.8,284.4
20097,626.5,342.9
20099,519.4,138.6
20101,712.4,289.0
20103,432.5,248.9
20105,592.5,342.3
20107,457.2,182.7
20109,711.3,243.5
20111,509.5,234.8
20113,582.8,290.5
20115,557.6,265.9
20117,490.2,320.8
20119,635.6,331.0
20121,443.5,204.8
20123,583.7,357.7
20125,538.6,157.3
20127,525.6,264.3
20129,678.4,254.5
20131,464.1,307.8
20133,504.3,158.0
20135,691.9,317.0
20137,622.9,297.2
20139,481.6,231.4
20141,612.7,360.7
20143,562.3,324.1
20145,664.2,356.6
20147,605.7,326.7
20149,490.6,292.2
20151,619.7,317.0
20153,661.5,234.9
20155,617.7,293.3
20157,545.4,358.8
20159,611.2,313.2
20161,512.3,299.0
20163,630.4,331.4
20165,660.8,346.5
20167,623.7,360.7
20169,571.4,307.8
20171,724.2,267.2
20173,597.5,254.9
20175,646.9,303.7
20177,471.5,255.9
20179,664.2,272.7
20181,706.5,205.9
20183,589.4,356.2
20185,644.1,327.0
20187,698.5,261.2
20189,662.8,280.1
20191,569.9,242.9
20193,684.6,239.0
20195,670.8,309.6
20197,495.7,263.6
20199,730.9,212.3
20201,518.9,337.6
20203,736.7,245.7
20205,523.5,173.9
20207,511.1,190.8
20209,421.6,239.3
21001,331.4,186.5
21003,349.0,220.7
21005,267.2,213.3
21007,331.2,264.1
21009,337.8,213.1
21011,237.8,163.8
21013,333.8,102.1
21015,200.3,241.3
21017,241.5,185.4
21019,217.0,141.5
21021,291.3,191.6
21023,208.7,204.1
21025,277.1,118.0
21027,276.8,264.8
21029,274.8,241.3
21031,313.5,257.7
21033,315.1,317.3
21035,353.4,296.8
21037,195.8,227.3
21039,343.8,262.1
21041,226.3,244.3
21043,220.9,148.1
21045,311.9,179.9
21047,332.2,292.2
21049,255.7,173.0
21051,304.4,125.7
21053,354.6,166.4
21055,301.7,318.1
21057,354.5,180.6
21059,275.1,293.8
21061,316.5,235.3
21063,234.7,138.7
21065,271.5,154.1
21067,256.6,189.8
21069,222.8,173.0
21071,272.8,96.1
21073,250.1,215.8
21075,367.0,246.0
21077,215.8,237.1
21079,284.9,180.2
21081,219.0,222.5
21083,349.3,277.6
21085,299.4,249.0
21087,322.9,204.8
21089,203.3,160.2
21091,269.1,283.8
21093,288.5,240.4
21095,321.9,93.2
21097,228.1,201.3
21099,315.7,221.7
21101,270.0,319.2
21103,240.2,235.4
21105,356.0,259.5
21107,303.3,304.1
21109,291.7,147.5
21111,261.4,249.9
21113,269.8,189.7
21115,252.4,115.1
21117,198.9,232.2
21119,286.8,95.2
21121,324.6,116.8
21123,302.7,222.5
21125,312.4,138.0
21127,236.7,125.5
21129,274.3,139.7
21131,307.1,107.0
21133,302.9,81.8
21135,207.9,170.8
21137,298.2,175.6
21139,313.7,301.4
21141,336.1,259.2
21143,324.6,312.8
21145,327.5,279.9
21147,343.2,135.8
21149,288.6,296.0
21151,274.0,170.1
21153,263.4,115.9
21155,301.6,204.4
21157,335.9,297.1
21159,256.1,102.6
21161,209.5,189.3
21163,266.9,262.1
21165,250.8,147.7
21167,278.4,201.8
21169,340.2,199.2
21171,357.5,195.1
21173,247.7,165.7
21175,248.9,134.2
21177,310.6,280.7
21179,288.8,224.0
21181,229.5,184.0
21183,293.8,273.8
21185,250.4,248.9
21187,232.2,225.0
21189,286.6,131.9
21191,212.3,213.8
21193,295.5,103.0
21195,277.8,81.5
21197,262.0,152.6
21199,319.6,155.6
21201,218.6,193.9
21203,298.7,158.0
21205,231.0,154.7
21207,335.8,171.7
21209,242.7,204.8
21211,256.0,232.6
21213,346.1,240.9
21215,271.6,228.8
21217,314.9,198.9
21219,336.2,274.7
21221,338.6,310.1
21223,234.2,252.3
21225,280.3,332.9
21227,330.1,238.8
21229,286.8,210.1
21231,344.1,154.0
21233,289.0,316.8
21235,336.7,121.7
21237,262.9,135.2
21239,261.2,203.3
22001,102.4,385.8
22003,121.6,357.8
22005,83.5,414.5
22007,62.5,431.2
22009,155.8,337.1
22011,122.3,356.3
22013,234.6,240.4
22015,244.9,214.4
22017,233.0,223.6
22019,94.4,385.0
22021,224.3,267.6
22023,67.9,410.1
22025,191.0,301.0
22027,266.2,207.5
22029,174.7,318.0
22031,200.8,258.8
22033,106.8,388.9
22035,232.6,248.4
22037,127.1,370.9
22039,130.8,356.6
22041,220.5,273.8
22043,188.2,295.3
22045,65.8,438.7
22047,90.5,401.5
22049,236.7,247.4
22051,29.1,479.4
22053,95.3,384.2
22055,105.1,395.3
22057,46.5,471.7
22059,197.7,294.9
22061,256.6,226.1
22063,100.9,403.5
22065,214.5,271.6
22067,260.9,227.6
22069,195.8,282.1
22071,60.6,447.6
22073,250.0,241.9
22075,9.4,504.9
22077,123.5,368.4
22079,160.9,323.1
22081,211.9,255.7
22083,240.0,254.6
22085,172.8,293.0
22087,52.7,474.9
22089,62.8,446.2
22091,127.1,379.8
22093,71.9,428.7
22095,80.7,427.9
22097,124.5,370.9
22099,85.8,407.3
22101,51.7,442.4
22103,85.0,425.2
22105,106.9,399.9
22107,205.1,290.1
22109,24.9,472.7
22111,274.0,215.0
22113,74.8,419.7
22115,152.6,325.0
22117,99.6,395.7
22119,252.4,212.2
22121,102.9,389.8
22123,244.7,238.4
22125,131.9,360.9
22127,211.2,271.1
23001,41.0,34.4
23003,153.1,205.8
23005,32.3,39.2
23007,95.0,58.7
23009,69.3,127.4
23011,49.6,58.0
23013,40.5,93.0
23015,22.4,70.2
23017,75.2,21.9
23019,91.5,137.7
23021,127.9,147.5
23023,16.6,56.0
23025,125.3,101.2
23027,60.9,90.1
23029,32.0,170.4
23031,52.0,54.7
24001,205.3,51.2
24003,89.4,109.9
24005,116.5,120.3
24009,66.5,106.5
24011,62.8,146.2
24013,135.4,108.4
24015,88.3,155.7
24017,88.5,80.3
24019,42.0,132.8
24021,144.1,89.4
24023,190.6,26.8
24025,107.1,138.2
24027,115.7,99.4
24029,92.2,137.6
24031,121.0,82.5
24033,92.8,92.0
24035,78.5,135.5
24037,58.3,108.2
24039,19.9,146.5
24041,63.4,126.5
24043,166.8,84.7
24045,26.4,155.5
24047,18.5,173.9
24510,108.0,115.7
25001,61.0,168.1
25003,118.3,113.4
25005,26.4,150.9
25007,31.1,179.9
25009,16.9,94.4
25011,87.1,103.7
25013,85.6,132.6
25015,90.1,120.4
25017,25.9,98.5
25019,62.6,195.5
25021,21.3,121.3
25023,29.6,139.1
25025,7.4,111.8
25027,53.5,111.1
26001,2.9,424.4
26003,35.4,621.8
26005,74.4,417.6
26007,14.8,441.9
26009,59.6,495.3
26011,12.2,399.5
26013,47.6,684.0
26015,87.0,383.1
26017,27.9,387.8
26019,71.6,510.4
26021,39.6,420.4
26023,82.1,347.3
26025,86.3,357.0
26027,78.7,389.3
26029,42.6,539.8
26031,24.5,502.9
26033,37.1,536.6
26035,66.5,430.7
26037,42.4,370.7
26039,64.4,460.6
26041,53.6,591.4
26043,40.4,633.8
26045,68.6,364.3
26047,20.0,522.5
26049,21.6,342.9
26051,44.2,416.2
26053,48.3,687.9
26055,85.5,491.8
26057,35.4,387.5
26059,60.6,328.9
26061,68.5,708.6
26063,32.6,368.6
26065,53.8,346.4
26067,64.1,388.7
26069,22.0,410.2
26071,59.0,664.6
26073,52.8,413.2
26075,60.6,332.7
26077,107.3,379.5
26079,79.7,474.9
26081,85.1,411.2
26083,74.9,717.8
26085,107.0,464.6
26087,37.0,331.2
26089,76.2,530.0
26091,32.5,303.9
26093,48.2,329.1
26095,62.8,585.8
26097,38.6,564.1
26099,26.1,298.7
26101,81.5,495.1
26103,13.9,657.1
26105,91.9,486.3
26107,75.5,430.2
26109,37.3,598.1
26111,34.0,397.8
26113,81.7,456.1
26115,14.9,281.1
26117,62.8,408.3
26119,46.4,467.0
26121,80.2,462.7
26123,96.6,443.9
26125,31.7,313.4
26127,83.3,471.9
26129,38.7,427.2
26131,67.3,715.9
26133,85.9,447.4
26135,40.6,447.4
26137,54.1,478.8
26139,85.0,439.4
26141,38.7,463.9
26143,59.9,441.9
26145,8.1,370.5
26147,46.6,305.9
26149,102.9,367.4
26151,57.3,335.8
26153,66.3,581.0
26155,27.1,354.5
26157,26.6,359.7
26159,69.1,414.9
26161,42.0,310.1
26163,13.4,290.1
26165,105.1,472.5
27001,64.0,521.4
27003,118.8,511.6
27005,172.3,426.9
27007,155.1,487.9
27009,118.4,479.6
27011,227.0,361.9
27013,213.5,468.6
27015,217.6,434.9
27017,30.3,555.6
27019,159.3,481.8
27021,106.0,488.3
27023,206.6,397.2
27025,97.4,529.8
27027,207.8,394.0
27029,162.7,462.7
27031,68.3,682.9
27033,243.9,413.2
27035,95.9,489.6
27037,154.3,517.5
27039,195.6,527.9
27041,171.0,414.9
27043,233.8,476.3
27045,215.6,549.5
27047,224.4,506.0
27049,168.1,534.5
27051,195.9,389.5
27053,140.5,498.5
27055,186.8,553.8
27057,134.3,466.9
27059,102.9,511.6
27061,85.6,533.8
27063,262.2,416.6
27065,82.0,516.1
27067,180.0,425.4
27069,256.5,459.5
27071,127.0,549.5
27073,232.1,367.3
27075,59.2,630.5
27077,188.2,525.2
27079,185.3,484.5
27081,260.7,359.0
27083,245.1,380.0
27085,172.1,458.7
27087,178.4,436.4
27089,225.9,455.3
27091,246.4,446.5
27093,164.3,448.2
27095,94.7,500.1
27097,116.4,471.8
27099,218.9,535.4
27101,261.8,384.4
27103,198.0,459.0
27105,279.8,386.1
27107,208.6,410.1
27109,194.1,550.8
27111,173.7,413.6
27113,203.8,454.8
27115,57.7,543.4
27117,278.6,359.8
27119,212.4,429.4
27121,180.6,409.7
27123,132.4,516.9
27125,200.7,444.9
27127,225.1,409.2
27129,198.8,424.8
27131,178.9,505.8
27133,296.3,361.3
27135,219.5,491.7
27137,57.2,583.5
27139,163.7,494.4
27141,122.7,487.8
27143,184.9,460.0
27145,147.7,448.8
27147,199.9,510.5
27149,203.9,384.0
27151,201.8,393.8
27153,142.7,443.2
27155,220.6,364.9
27157,173.6,558.5
27159,137.7,450.4
27161,205.3,492.2
27163,127.5,527.2
27165,230.0,441.5
27167,210.0,378.8
27169,195.4,572.6
27171,143.6,475.8
27173,231.6,380.4
28001,173.1,322.6
28003,316.9,284.3
28005,149.9,353.7
28007,203.1,291.0
28009,314.2,251.9
28011,279.2,202.8
28013,256.0,268.8
28015,232.4,260.8
28017,252.4,288.5
28019,215.0,295.2
28021,183.7,303.1
28023,121.1,378.6
28025,232.7,305.9
28027,298.1,196.5
28029,158.2,323.2
28031,111.1,366.6
28033,327.8,207.8
28035,76.2,401.4
28037,163.7,334.1
28039,39.3,441.9
28041,63.6,423.0
28043,251.6,252.3
28045,58.9,440.0
28047,35.7,451.2
28049,178.8,299.5
28051,216.5,268.0
28053,228.9,250.5
28055,224.8,254.1
28057,275.2,308.9
28059,13.1,464.5
28061,124.1,362.5
28063,180.3,314.4
28065,117.6,360.8
28067,99.2,381.4
28069,169.5,349.0
28071,285.9,248.0
28073,86.1,392.4
28075,145.7,362.8
28077,128.6,352.5
28079,180.4,309.3
28081,276.1,291.7
28083,248.0,239.4
28085,143.8,342.8
28087,219.2,329.5
28089,184.9,295.0
28091,101.5,380.1
28093,314.1,236.4
28095,248.1,313.4
28097,231.0,270.9
28099,173.3,326.9
28101,149.7,343.4
28103,194.0,337.0
28105,216.9,310.0
28107,293.6,223.2
28109,72.5,414.2
28111,66.7,412.1
28113,128.0,366.0
28115,273.1,274.9
28117,298.5,292.5
28119,292.4,210.7
28121,160.5,317.7
28123,158.1,326.0
28125,225.5,252.2
28127,138.9,338.7
28129,132.5,347.8
28131,49.7,428.9
28133,259.3,224.1
28135,270.8,227.7
28137,312.1,215.9
28139,309.4,268.1
28141,305.8,305.9
28143,319.9,193.5
28145,291.0,269.7
28147,112.4,375.3
28149,198.6,282.1
28151,250.6,227.2
28153,93.4,399.0
28155,233.4,283.2
28157,150.6,344.1
28159,194.6,316.2
28161,267.2,247.4
28163,203.4,274.8
29001,286.0,307.3
29003,399.5,298.0
29005,421.3,336.9
29007,285.7,252.8
29009,483.9,64.9
29011,465.5,126.5
29013,433.0,176.0
29015,385.9,173.2
29017,331.3,219.5
29019,314.9,229.9
29021,407.9,276.1
29023,377.8,183.8
29025,367.5,267.9
29027,305.8,226.9
29029,377.2,159.1
29031,320.1,238.2
29033,351.8,250.6
29035,376.6,162.6
29037,418.7,202.2
29039,434.5,135.0
29041,323.6,258.6
29043,446.1,82.7
29045,237.7,332.6
29047,399.0,248.1
29049,389.1,267.7
29051,335.5,198.5
29053,342.3,213.9
29055,327.8,192.4
29057,448.7,114.5
29059,404.3,132.7
29061,358.8,288.8
29063,382.1,287.2
29065,353.7,167.1
29067,423.8,96.3
29069,407.2,193.8
29071,295.4,224.7
29073,309.1,213.0
29075,374.7,308.5
29077,437.1,101.1
29079,335.1,298.0
29081,351.0,315.2
29083,403.8,179.4
29085,403.7,148.0
29087,417.9,311.2
29089,325.3,235.2
29091,413.3,112.2
29093,328.9,199.9
29095,405.4,226.3
29097,478.8,107.7
29099,287.3,235.4
29101,390.6,204.0
29103,265.5,308.6
29105,388.9,137.9
29107,378.1,226.5
29109,463.4,92.1
29111,247.4,311.4
29113,257.7,264.9
29115,319.6,281.6
29117,343.2,274.9
29119,506.9,74.1
29121,294.8,283.1
29123,328.8,209.8
29125,338.5,185.0
29127,252.8,295.0
29129,328.1,319.3
29131,355.0,177.1
29133,350.2,244.5
29135,341.9,202.1
29137,281.1,268.3
29139,283.0,243.7
29141,363.4,184.3
29143,371.2,221.2
29145,492.8,89.6
29147,395.2,324.0
29149,404.5,132.0
29151,321.0,205.1
29153,438.4,82.6
29155,398.7,209.5
29157,301.5,243.6
29159,367.8,202.6
29161,349.3,171.2
29163,252.5,275.8
29165,413.5,256.7
29167,421.8,125.6
29169,366.2,157.1
29171,299.3,324.3
29173,257.9,280.9
29175,305.0,257.4
29177,379.0,243.9
29179,351.9,177.1
29181,392.9,157.7
29183,262.1,257.9
29185,417.7,155.7
29186,299.0,234.2
29187,311.7,217.5
29189,262.4,258.3
29195,348.3,231.1
29197,274.8,327.0
29199,256.8,329.5
29201,339.9,235.0
29203,376.5,149.9
29205,273.8,286.7
29207,359.6,210.7
29209,467.6,65.4
29211,310.2,305.4
29213,457.9,64.0
29215,385.2,134.9
29217,450.0,149.1
29219,280.1,241.7
29221,316.0,206.4
29223,354.1,192.0
29225,418.6,108.0
29227,369.4,327.2
29229,405.2,116.1
29510,256.5,265.4
30001,535.0,139.4
30003,743.6,152.9
30005,710.8,122.3
30007,598.3,78.2
30009,721.2,118.4
30011,600.1,116.0
30013,599.6,72.9
30015,641.9,77.8
30017,639.7,185.5
30019,638.0,248.5
30021,602.9,235.6
30023,519.5,74.7
30025,585.0,166.1
30027,699.1,46.4
30029,477.6,89.5
30031,616.0,104.6
30033,701.2,145.1
30035,529.9,126.8
30037,707.9,48.7
30039,506.5,49.8
30041,659.8,126.7
30043,571.3,108.6
30045,649.7,21.6
30047,472.0,44.6
30049,551.7,76.6
30051,617.0,130.8
30053,417.1,127.0
30055,642.7,207.2
30057,581.0,137.1
30059,623.6,46.1
30061,424.7,51.9
30063,481.1,5.4
30065,741.3,76.7
30067,646.7,95.9
30069,746.6,86.9
30071,743.9,139.2
30073,560.8,118.6
30075,650.9,140.2
30077,527.1,51.6
30079,633.1,212.6
30081,473.3,63.9
30083,587.4,263.7
30085,609.4,254.9
30087,693.3,164.4
30089,421.7,76.0
30091,591.7,285.9
30093,542.7,99.4
30095,701.2,84.2
30097,673.4,68.4
30099,556.2,98.3
30101,586.1,150.8
30103,721.5,135.5
30105,686.5,188.5
30107,674.6,22.0
30109,574.5,208.1
30111,753.1,101.5
31001,538.7,350.8
31003,433.3,301.8
31005,596.4,191.1
31007,680.2,141.2
31009,514.6,227.6
31011,459.4,317.4
31013,626.4,125.4
31015,423.6,249.1
31017,491.9,212.8
31019,537.7,313.2
31021,400.7,391.3
31023,459.0,376.1
31025,447.1,380.9
31027,384.8,328.3
31029,645.4,204.0
31031,527.3,158.0
31033,664.6,155.1
31035,525.5,367.7
31037,437.3,365.6
31039,409.1,368.5
31041,531.3,262.9
31043,375.3,366.6
31045,609.9,90.8
31047,561.5,286.5
31049,642.2,183.1
31051,378.7,350.3
31053,425.2,385.6
31055,430.1,405.9
31057,662.3,202.2
31059,513.0,385.5
31061,571.6,345.7
31063,599.3,271.0
31065,600.7,295.8
31067,487.6,353.2
31069,617.8,174.4
31071,478.1,271.7
31073,580.8,301.4
31075,583.7,169.0
31077,481.6,302.8
31079,519.2,334.3
31081,504.5,353.0
31083,585.4,322.4
31085,621.5,237.6
31087,639.9,235.8
31089,444.7,260.1
31091,558.1,187.5
31093,500.0,318.2
31095,512.4,361.5
31097,463.7,351.2
31099,552.8,335.1
31101,611.7,215.6
31103,461.0,205.0
31105,693.4,125.5
31107,404.4,297.2
31109,474.3,385.2
31111,584.9,247.4
31113,549.9,229.9
31115,498.5,248.4
31117,570.5,202.3
31119,433.6,331.0
31121,487.8,339.9
31123,641.7,158.8
31125,473.6,332.2
31127,443.1,341.8
31129,545.8,384.5
31131,452.4,363.5
31133,468.1,334.9
31135,627.0,212.1
31137,566.8,318.9
31139,414.0,320.0
31141,449.4,346.5
31143,473.3,358.6
31145,620.5,266.2
31147,442.2,322.2
31149,471.2,233.5
31151,501.5,380.9
31153,440.4,393.4
31155,446.4,397.8
31157,666.7,148.9
31159,480.3,389.5
31161,584.5,117.5
31163,514.7,299.8
31165,644.5,106.3
31167,420.9,350.9
31169,534.0,375.5
31171,538.1,211.2
31173,388.2,373.8
31175,496.8,284.2
31177,417.2,406.3
31179,402.2,344.4
31181,558.2,367.8
31183,462.5,289.7
31185,492.4,370.4
32001,258.1,102.7
32003,250.4,184.6
32005,174.3,29.6
32007,445.5,202.9
32009,244.7,89.4
32011,367.1,212.8
32013,314.6,190.4
32015,327.3,171.9
32017,330.1,202.4
32019,197.7,48.7
32021,227.3,85.6
32023,303.2,138.4
32027,285.2,128.9
32029,196.5,38.6
32031,245.1,115.1
32033,425.1,187.6
32510,175.8,19.3
33001,81.8,27.7
33003,75.8,20.0
33005,77.5,74.8
33007,102.6,36.7
33009,108.0,12.2
33011,54.8,68.6
33013,73.7,41.7
33015,41.9,67.8
33017,62.1,50.5
33019,94.3,48.5
34001,18.4,218.2
34003,20.1,210.1
34005,38.1,226.4
34007,44.9,209.9
34009,36.4,200.9
34011,44.2,190.4
34013,19.1,222.3
34015,50.3,198.7
34017,9.6,225.9
34019,53.9,238.5
34021,51.1,237.2
34023,32.1,246.9
34025,31.5,256.7
34027,35.6,218.8
34029,32.2,245.9
34031,31.3,205.3
34033,57.6,184.2
34035,38.9,239.4
34037,51.2,200.9
34039,21.6,231.3
34041,59.0,223.4
35001,624.2,58.4
35003,512.5,184.0
35005,577.8,183.5
35006,549.4,124.4
35007,743.2,98.7
35009,588.5,169.0
35011,618.3,130.8
35013,598.5,236.4
35015,533.7,244.1
35017,507.5,246.1
35019,659.8,89.4
35021,675.1,120.8
35023,489.7,280.9
35025,505.6,249.2
35027,638.7,138.9
35028,658.9,20.9
35029,546.2,262.7
35031,549.2,126.8
35033,720.3,63.5
35035,611.4,213.6
35037,624.0,144.0
35039,653.6,68.0
35041,565.8,183.9
35043,624.3,49.6
35045,571.0,117.5
35047,690.2,69.0
35049,670.5,13.0
35051,577.0,190.7
35053,595.9,129.5
35055,709.9,63.9
35057,660.7,79.4
35059,697.5,151.1
35061,611.5,81.8
36001,130.5,97.6
36003,68.4,224.3
36005,10.6,217.9
36007,111.5,157.0
36009,53.9,214.5
36011,47.9,146.1
36013,54.6,214.5
36015,107.9,188.8
36017,95.8,132.5
36019,117.3,43.3
36021,107.9,121.2
36023,79.3,142.6
36025,117.1,134.0
36027,73.4,155.6
36029,18.2,248.3
36031,110.8,13.4
36033,85.8,43.8
36035,111.8,64.7
36037,35.7,221.2
36039,110.4,118.6
36041,86.7,34.4
36043,76.6,51.4
36045,21.1,102.0
36047,5.2,232.5
36049,45.2,73.5
36051,59.8,209.1
36053,68.9,112.4
36055,62.9,192.2
36057,117.6,79.0
36059,16.4,226.0
36061,6.4,222.7
36063,19.3,245.8
36065,62.1,88.8
36067,50.3,129.7
36069,70.9,183.6
36071,52.9,180.2
36073,42.1,215.1
36075,22.0,116.4
36077,104.7,107.9
36079,50.9,178.1
36081,4.4,231.3
36083,134.7,89.1
36085,15.8,237.7
36087,32.1,196.6
36089,47.5,63.0
36091,135.2,62.2
36093,137.8,81.7
36095,129.1,99.8
36097,91.2,183.9
36099,65.5,165.0
36101,92.2,208.5
36103,65.4,211.7
36105,83.8,162.3
36107,105.7,171.1
36109,86.2,164.1
36111,88.2,142.5
36113,119.3,31.8
36115,143.2,47.6
36117,43.2,161.8
36119,32.3,197.1
36121,39.8,230.6
36123,79.4,182.2
37001,168.0,126.5
37003,208.0,46.4
37005,239.2,26.0
37007,120.0,134.5
37009,247.7,6.8
37011,243.0,34.5
37013,54.6,227.7
37015,79.0,188.6
37017,56.9,216.7
37019,16.2,255.1
37021,245.5,1.8
37023,218.5,45.7
37025,157.6,96.6
37027,222.2,37.2
37029,39.6,196.7
37031,14.4,274.1
37033,188.2,125.8
37035,195.4,61.8
37037,143.5,142.1
37039,270.3,93.6
37041,62.9,194.2
37043,254.8,80.1
37045,193.1,56.1
37047,44.3,227.4
37049,36.0,246.6
37051,92.4,184.8
37053,36.6,203.3
37055,29.6,250.3
37057,172.8,91.7
37059,189.3,70.9
37061,71.6,232.4
37063,153.5,155.0
37065,98.3,185.2
37067,195.4,79.0
37069,131.0,167.1
37071,175.4,77.4
37073,50.2,173.0
37075,273.8,76.9
37077,153.1,152.3
37079,77.5,213.4
37081,181.4,105.0
37083,101.7,162.3
37085,112.9,171.5
37087,259.5,27.2
37089,229.1,18.2
37091,65.9,169.5
37093,104.7,167.3
37095,34.4,249.8
37097,191.7,62.7
37099,248.9,41.3
37101,109.7,193.1
37103,43.7,247.8
37105,127.7,153.1
37107,64.8,230.3
37109,187.0,72.0
37111,229.7,26.0
37113,249.7,60.4
37115,265.6,21.8
37117,82.7,198.4
37119,159.7,96.6
37121,249.8,34.2
37123,136.5,124.5
37125,128.1,143.8
37127,113.7,177.3
37129,21.1,264.4
37131,84.3,155.8
37133,45.6,259.6
37135,162.3,141.4
37137,31.0,252.9
37139,46.2,197.4
37141,42.8,249.9
37143,54.5,197.3
37145,168.2,146.6
37147,72.4,210.3
37149,214.9,29.1
37151,159.4,114.0
37153,112.6,146.2
37155,78.9,190.4
37157,198.9,101.3
37159,171.4,84.5
37161,212.0,35.4
37163,78.2,209.0
37165,96.5,165.4
37167,144.1,111.5
37169,212.5,74.3
37171,222.9,51.1
37173,275.4,54.3
37175,235.9,32.3
37177,56.2,222.5
37179,135.1,118.8
37181,138.4,147.6
37183,133.4,171.7
37185,121.5,146.9
37187,70.5,211.9
37189,243.5,19.3
37191,86.7,215.9
37193,223.8,31.4
37195,97.6,196.0
37197,206.5,57.1
37199,249.9,22.8
38001,498.7,152.4
38003,282.1,332.4
38005,349.9,344.5
38007,531.5,207.9
38009,427.8,354.8
38011,544.5,145.8
38013,502.3,334.0
38015,395.2,252.8
38017,243.5,363.9
38019,325.1,407.4
38021,308.1,284.3
38023,546.9,331.7
38025,495.7,235.7
38027,325.1,339.2
38029,388.2,224.0
38031,321.6,327.5
38033,554.3,203.7
38035,262.2,397.3
38037,453.8,186.4
38039,291.7,348.5
38041,491.7,175.8
38043,360.5,273.0
38045,305.7,295.8
38047,351.9,258.6
38049,410.1,323.1
38051,351.4,246.8
38053,533.4,258.6
38055,441.1,271.5
38057,459.2,242.3
38059,435.8,215.3
38061,488.5,295.9
38063,295.9,371.3
38065,435.6,239.6
38067,286.9,434.5
38069,380.1,338.2
38071,325.7,372.5
38073,264.3,331.2
38075,462.9,337.2
38077,232.9,355.9
38079,384.0,372.7
38081,267.5,321.3
38083,390.0,290.7
38085,429.0,188.2
38087,539.3,169.0
38089,499.1,198.8
38091,267.9,366.7
38093,323.9,300.9
38095,356.5,381.7
38097,242.2,387.2
38099,283.7,409.4
38101,451.0,306.1
38103,359.9,308.2
38105,541.6,301.0
39001,188.7,191.2
39003,71.5,266.9
39005,50.6,185.4
39007,53.6,198.1
39009,153.6,136.5
39011,87.2,267.5
39013,115.8,96.4
39015,187.8,208.7
39017,165.9,259.5
39019,77.3,127.3
39021,109.2,235.9
39023,123.2,233.5
39025,185.6,224.7
39027,155.2,230.6
39029,74.7,127.9
39031,90.8,149.7
39033,46.5,214.0
39035,5.8,196.8
39037,123.2,279.8
39039,57.3,301.0
39041,85.9,200.7
39043,9.4,222.3
39045,121.1,171.0
39047,140.2,213.0
39049,107.0,194.3
39051,33.0,294.3
39053,186.6,152.7
39055,28.1,181.7
39057,140.0,236.9
39059,107.2,121.7
39061,181.4,246.0
39063,49.1,252.8
39065,72.3,242.6
39067,95.8,113.3
39069,38.9,282.3
39071,166.9,215.2
39073,139.3,160.7
39075,72.5,159.7
39077,25.1,211.5
39079,171.9,167.5
39081,96.3,106.6
39083,77.1,176.0
39085,28.7,199.2
39087,200.3,153.8
39089,98.0,170.2
39091,91.7,240.9
39093,27.2,209.4
39095,2.0,270.1
39097,116.7,213.3
39099,63.1,142.0
39101,67.6,216.8
39103,35.0,183.3
39105,170.2,135.7
39107,99.7,287.3
39109,120.0,258.4
39111,133.3,92.3
39113,140.7,258.3
39115,136.7,129.4
39117,67.5,197.4
39119,113.1,140.5
39121,127.3,111.2
39123,16.5,245.8
39125,69.0,299.3
39127,123.8,150.8
39129,129.2,192.1
39131,168.8,190.6
39133,39.6,162.9
39135,148.2,276.9
39137,57.0,275.2
39139,50.8,194.3
39141,151.5,190.6
39143,25.0,243.0
39145,186.2,177.3
39147,34.4,233.0
39149,101.1,261.8
39151,57.0,148.9
39153,34.1,170.8
39155,52.2,160.2
39157,80.5,135.5
39159,90.2,218.9
39161,81.1,292.3
39163,155.7,159.9
39165,161.0,245.9
39167,148.9,107.8
39169,54.1,169.2
39171,56.8,313.5
39173,24.3,263.6
39175,55.7,231.4
40001,456.0,64.8
40003,552.3,276.3
40005,359.3,173.3
40007,610.6,315.9
40009,501.6,349.9
40011,501.1,276.1
40013,333.6,201.6
40015,456.2,278.0
40017,469.5,252.1
40019,372.0,239.5
40021,456.5,84.1
40023,329.6,168.9
40025,681.2,207.2
40027,433.9,218.9
40029,375.3,178.5
40031,428.5,291.6
40033,403.6,294.7
40035,516.2,115.8
40037,465.7,161.5
40039,501.9,308.5
40041,490.1,83.8
40043,522.4,308.9
40045,558.0,350.5
40047,518.8,242.7
40049,401.7,227.9
40051,434.5,252.8
40053,545.5,248.3
40055,478.3,346.2
40057,478.3,353.6
40059,589.6,350.0
40061,410.3,98.7
40063,406.4,163.3
40065,454.7,344.0
40067,377.0,272.2
40069,363.1,205.8
40071,536.6,214.6
40073,494.2,248.5
40075,459.0,314.7
40077,386.2,118.6
40079,386.8,91.8
40081,458.7,189.7
40083,482.3,221.4
40085,352.5,247.5
40087,424.2,228.9
40089,332.8,136.6
40091,422.4,125.6
40093,530.9,283.8
40095,346.5,222.1
40097,484.6,103.0
40099,382.2,221.3
40101,437.8,106.4
40103,509.5,212.5
40105,519.6,136.1
40107,435.3,160.5
40109,458.1,220.1
40111,443.5,138.7
40113,514.6,171.8
40115,515.0,101.9
40117,496.9,182.0
40119,485.1,195.4
40121,392.6,140.3
40123,390.6,194.9
40125,427.4,198.6
40127,352.7,145.9
40129,528.0,350.0
40131,491.2,123.9
40133,418.2,180.1
40135,428.6,73.2
40137,400.3,262.4
40139,643.5,261.9
40141,426.0,322.5
40143,475.9,138.3
40145,462.3,113.3
40147,515.6,147.9
40149,480.7,310.7
40151,564.4,305.6
40153,556.4,325.1
41001,307.6,199.1
41003,34.1,80.4
41005,86.1,56.0
41007,37.4,109.0
41009,49.9,90.0
41011,18.1,136.9
41013,186.6,62.0
41015,53.0,168.8
41017,149.9,19.5
41019,58.1,92.0
41021,175.8,100.9
41023,248.5,132.5
41025,268.4,146.0
41027,108.7,77.1
41029,92.4,122.4
41031,143.7,35.0
41033,57.4,149.3
41035,142.8,91.0
41037,201.7,103.4
41039,75.5,63.4
41041,9.7,105.3
41043,77.3,36.9
41045,337.0,207.7
41047,76.6,51.5
41049,208.3,128.8
41051,71.8,84.8
41053,40.2,85.8
41055,156.3,88.2
41057,7.5,120.4
41059,250.0,170.9
41061,286.5,196.4
41063,324.9,180.4
41065,134.8,61.3
41067,39.0,101.9
41069,196.0,90.3
41071,33.3,94.6
42001,158.6,116.9
42003,118.9,91.4
42005,128.3,111.4
42007,94.5,112.0
42009,200.8,76.9
42011,108.2,190.6
42013,175.5,109.7
42015,131.9,198.3
42017,68.2,221.1
42019,103.9,120.5
42021,172.3,99.7
42023,113.7,169.2
42025,95.6,223.6
42027,154.2,146.9
42029,86.7,179.0
42031,121.4,138.1
42033,139.4,136.0
42035,138.0,172.0
42037,133.0,207.4
42039,82.4,174.8
42041,166.0,132.7
42043,149.5,160.5
42045,68.5,192.7
42047,109.4,160.2
42049,86.1,204.0
42051,158.5,50.2
42053,104.3,160.4
42055,178.9,107.0
42057,193.1,88.3
42059,143.6,59.1
42061,184.5,117.2
42063,150.9,102.6
42065,128.8,136.4
42067,181.8,144.4
42069,102.5,195.0
42071,112.7,160.7
42073,82.4,131.5
42075,133.0,168.9
42077,88.8,213.0
42079,113.2,219.7
42081,148.4,196.3
42083,83.6,187.1
42085,77.8,150.4
42087,177.7,137.7
42089,78.6,214.4
42091,79.7,204.7
42093,146.3,196.0
42095,73.8,230.4
42097,147.4,186.6
42099,171.7,144.6
42101,61.1,208.1
42103,73.1,192.0
42105,100.6,195.3
42107,121.4,194.8
42109,166.2,167.5
42111,179.0,59.5
42113,145.3,218.1
42115,125.4,176.1
42117,119.5,212.9
42119,165.9,177.5
42121,101.0,152.7
42123,83.1,182.3
42125,122.8,79.8
42127,97.6,175.3
42129,146.7,76.8
42131,123.7,199.0
42133,134.1,136.5
44001,21.2,152.4
44003,23.9,153.7
44005,7.0,166.5
44007,35.5,140.3
44009,16.6,173.0
45001,166.6,94.8
45003,104.9,150.0
45005,62.7,192.3
45007,189.4,74.9
45009,72.4,185.0
45011,82.5,172.7
45013,29.9,246.8
45015,28.3,220.0
45017,79.0,165.1
45019,2.5,242.4
45021,183.4,63.1
45023,148.5,98.4
45025,102.8,148.1
45027,62.5,186.3
45029,44.1,217.3
45031,79.7,168.3
45033,65.2,192.2
45035,35.2,211.1
45037,126.3,129.5
45039,130.9,113.9
45041,54.8,191.9
45043,18.0,236.6
45045,202.5,49.4
45047,154.0,102.0
45049,46.9,209.8
45051,28.3,231.6
45053,23.3,234.8
45055,108.1,138.9
45057,127.4,119.5
45059,167.9,82.0
45061,85.0,161.7
45063,109.4,137.0
45065,142.8,118.1
45067,45.2,206.9
45069,85.5,169.9
45071,142.0,103.9
45073,215.1,66.8
45075,68.3,178.0
45077,214.0,51.0
45079,102.6,141.6
45081,134.4,118.6
45083,190.0,54.3
45085,82.0,167.3
45087,163.6,80.3
45089,42.2,208.9
45091,160.8,86.1
46003,379.8,245.9
46005,340.9,260.1
46007,529.9,107.1
46009,386.6,290.0
46011,282.1,333.0
46013,310.4,275.2
46015,400.6,220.3
46017,393.4,213.4
46019,563.7,61.9
46021,383.5,211.0
46023,402.7,251.4
46025,302.2,291.0
46027,359.2,335.3
46029,276.0,317.6
46031,440.4,162.7
46033,592.5,21.8
46035,364.9,267.2
46037,281.0,305.4
46039,262.4,340.2
46041,434.6,153.2
46043,385.3,260.2
46045,353.5,232.3
46047,609.1,53.8
46049,359.4,226.3
46051,250.9,340.7
46053,427.9,222.3
46055,488.3,99.2
46057,285.3,315.8
46059,367.7,225.6
46061,350.9,285.0
46063,549.8,110.3
46065,415.5,176.6
46067,364.9,291.0
46069,388.6,202.7
46071,510.8,96.0
46073,368.3,242.3
46075,460.5,139.9
46077,310.6,298.3
46079,309.8,316.8
46081,590.3,28.5
46083,331.7,342.4
46085,425.9,182.1
46087,334.4,306.8
46089,346.6,243.4
46091,271.8,313.6
46093,533.7,57.1
46095,476.2,139.9
46097,328.9,292.7
46099,314.6,334.8
46101,293.8,339.0
46102,563.3,65.7
46103,554.4,33.6
46105,504.2,114.3
46107,396.5,188.8
46109,245.6,340.1
46111,348.3,268.7
46115,326.9,262.3
46117,449.0,139.3
46119,412.7,173.7
46121,487.9,150.0
46123,447.8,186.6
46125,344.8,320.9
46127,353.4,353.0
46129,391.2,196.9
46135,368.2,313.8
46137,476.1,113.5
47001,329.2,101.4
47003,355.9,222.6
47005,390.1,304.2
47007,337.2,152.0
47009,296.1,80.1
47011,302.1,136.4
47013,344.7,108.0
47015,379.4,200.4
47017,391.3,282.8
47019,261.5,32.8
47021,376.8,261.3
47023,353.8,275.8
47025,333.3,89.9
47027,371.2,182.2
47029,282.9,41.0
47031,357.6,201.3
47033,383.1,244.7
47035,347.2,141.9
47037,384.1,243.0
47039,363.3,302.7
47041,381.2,188.7
47043,383.9,274.9
47045,401.0,230.1
47047,342.5,233.6
47049,367.5,146.3
47051,334.8,205.1
47053,394.1,255.9
47055,332.0,256.9
47057,316.1,73.4
47059,286.1,44.5
47061,349.1,181.1
47063,304.1,60.5
47065,316.9,155.2
47067,317.4,75.5
47069,341.0,256.9
47071,336.7,301.7
47073,301.9,63.6
47075,368.1,237.1
47077,369.5,286.9
47079,373.8,292.6
47081,373.6,279.0
47083,374.3,295.0
47085,391.2,297.9
47087,382.1,185.0
47089,301.8,61.2
47091,260.5,14.9
47093,314.2,85.0
47095,385.8,227.2
47097,383.1,217.1
47099,333.3,277.0
47101,354.4,280.9
47103,329.6,232.8
47105,311.5,102.3
47107,306.0,119.8
47109,336.9,281.0
47111,365.6,206.0
47113,367.1,262.2
47115,333.1,178.1
47117,351.1,240.0
47119,360.4,257.1
47121,317.9,130.3
47123,293.6,99.0
47125,359.3,279.6
47127,341.3,218.2
47129,344.7,125.4
47131,379.3,246.1
47133,378.2,163.9
47135,365.8,301.5
47137,364.4,158.4
47139,287.1,119.9
47141,375.7,171.9
47143,327.5,137.6
47145,324.8,114.8
47147,359.2,252.4
47149,378.8,220.4
47151,356.7,125.8
47153,335.3,164.5
47155,290.2,59.0
47157,347.1,207.2
47159,385.3,197.8
47161,362.5,302.6
47163,279.5,39.0
47165,365.5,229.2
47167,366.4,211.7
47169,373.7,211.6
47171,264.3,34.9
47173,328.6,88.4
47175,352.5,166.2
47177,364.7,184.1
47179,276.6,48.1
47181,336.5,300.5
47183,378.6,269.2
47185,363.4,167.2
47187,380.1,247.4
47189,389.0,215.6
48001,182.9,300.3
48003,449.7,303.0
48005,135.3,320.7
48007,8.7,568.0
48009,376.0,331.0
48011,545.2,266.6
48013,111.8,560.4
48015,97.3,438.7
48017,542.8,212.1
48019,182.3,534.4
48021,146.4,451.4
48023,395.6,357.5
48025,53.6,567.2
48027,200.4,400.8
48029,136.0,527.0
48031,177.9,476.0
48033,420.9,331.2
48035,246.5,359.0
48037,287.3,170.9
48039,39.3,471.9
48041,129.9,390.5
48043,398.2,437.2
48045,514.6,282.8
48047,90.1,666.1
48049,286.3,421.1
48051,136.8,408.7
48053,205.9,439.8
48055,132.2,476.8
48057,39.8,539.3
48059,328.7,414.3
48061,17.3,710.1
48063,254.1,212.6
48065,569.2,261.9
48067,262.7,193.9
48069,547.7,226.3
48071,28.5,427.2
48073,177.0,289.4
48075,480.4,337.2
48077,369.3,301.4
48079,519.3,230.9
48081,345.1,405.7
48083,304.7,429.5
48085,288.9,251.3
48087,505.4,326.8
48089,104.8,462.9
48091,146.5,497.3
48093,288.3,393.1
48095,286.6,465.2
48097,331.7,258.2
48099,229.8,392.3
48101,461.7,342.8
48103,405.3,358.0
48105,324.9,434.7
48107,463.9,303.7
48109,510.4,305.9
48111,659.1,194.7
48113,266.6,280.9
48115,440.8,308.7
48117,582.1,198.3
48119,287.0,207.6
48121,302.6,273.2
48123,77.9,515.8
48125,448.3,329.3
48127,170.9,621.0
48129,525.7,296.7
48131,94.1,632.9
48133,317.8,388.4
48135,425.9,331.0
48137,242.4,514.6
48139,241.6,304.1
48141,611.4,272.1
48143,287.0,365.6
48145,185.5,371.2
48147,306.3,212.6
48149,129.8,454.7
48151,385.2,379.5
48153,490.8,288.9
48155,436.8,370.6
48157,60.5,453.1
48159,268.9,206.0
48161,184.2,321.3
48163,141.5,579.8
48165,469.0,280.6
48167,7.0,460.8
48169,440.0,319.2
48171,198.8,492.1
48173,380.3,369.0
48175,52.6,544.0
48177,105.3,495.6
48179,548.3,292.3
48181,318.6,234.8
48183,220.2,241.0
48185,111.5,390.6
48187,123.5,501.3
48189,507.1,262.2
48191,491.4,318.5
48193,257.9,387.4
48195,613.8,262.6
48197,450.7,367.1
48199,75.2,381.5
48201,52.5,425.0
48203,225.8,230.2
48205,633.5,190.3
48207,392.7,397.4
48209,155.4,475.5
48211,551.6,320.8
48213,210.7,282.2
48215,64.1,706.0
48217,231.4,336.0
48219,500.4,253.2
48221,281.2,339.9
48223,269.8,217.7
48225,144.6,328.5
48227,398.3,351.1
48229,556.1,295.8
48231,274.8,236.4
48233,591.3,260.1
48235,330.5,419.3
48237,336.8,319.6
48239,70.9,505.7
48241,110.6,350.0
48243,469.6,365.9
48245,54.7,412.6
48247,116.1,678.6
48249,69.1,618.9
48251,261.6,323.6
48253,369.8,405.1
48255,81.4,539.5
48257,244.4,272.6
48259,169.4,504.9
48261,59.7,661.1
48263,422.5,344.9
48265,201.2,521.8
48267,238.2,510.8
48269,433.0,357.3
48271,227.1,546.1
48273,56.0,627.3
48275,416.1,384.3
48277,305.1,188.5
48279,525.2,235.7
48281,233.1,419.1
48283,130.0,609.8
48285,95.6,486.0
48287,148.4,428.7
48289,155.5,342.5
48291,59.4,397.5
48293,188.5,343.4
48295,577.4,322.6
48297,72.8,581.4
48299,212.8,461.9
48301,474.1,300.9
48303,481.7,277.9
48305,458.3,295.1
48307,262.9,463.2
48309,211.2,362.6
48311,99.8,592.1
48313,133.5,362.1
48315,243.1,213.1
48317,420.1,329.1
48319,230.3,483.4
48321,80.9,506.9
48323,207.8,584.8
48325,158.5,552.1
48327,263.3,486.1
48329,398.9,353.2
48331,166.4,400.2
48333,259.7,417.4
48335,378.6,373.5
48337,348.1,281.1
48339,80.9,397.4
48341,611.5,230.6
48343,263.7,198.2
48345,474.9,316.1
48347,160.7,295.9
48349,214.5,310.3
48351,120.7,346.7
48353,361.2,396.1
48355,36.3,604.6
48357,595.2,292.5
48359,607.9,192.4
48361,78.6,393.0
48363,316.6,346.4
48365,200.1,255.4
48367,298.9,322.5
48369,565.8,198.8
48371,393.9,389.6
48373,102.6,355.0
48375,586.4,231.8
48377,460.1,406.1
48379,253.6,241.1
48381,560.7,236.9
48383,357.4,394.9
48385,211.9,541.7
48387,298.8,174.4
48389,463.2,330.8
48391,24.4,559.3
48393,572.1,289.6
48395,157.2,372.9
48397,266.4,260.3
48399,320.1,436.2
48401,194.1,265.0
48403,152.1,308.6
48405,148.8,307.6
48407,90.7,373.6
48409,31.6,587.3
48411,243.9,443.7
48413,291.7,458.1
48415,402.3,355.1
48417,356.3,394.9
48419,176.4,279.5
48421,634.0,232.7
48423,214.3,257.4
48425,267.8,347.8
48427,99.9,711.1
48429,337.0,371.0
48431,359.4,389.7
48433,406.8,370.8
48435,274.2,478.2
48437,530.7,253.8
48439,281.6,301.0
48441,343.4,421.5
48443,342.8,441.0
48445,477.9,272.1
48447,373.1,372.2
48449,270.7,197.2
48451,313.6,435.7
48453,160.3,454.4
48455,125.9,338.6
48457,104.6,351.2
48459,237.5,227.2
48461,381.1,377.0
48463,192.0,569.2
48465,282.0,491.3
48467,233.4,260.7
48469,55.1,524.5
48471,109.8,369.3
48473,86.4,424.9
48475,439.2,333.8
48477,115.4,421.1
48479,143.9,652.5
48481,86.2,477.8
48483,527.5,323.7
48485,397.1,320.5
48487,421.2,346.1
48489,36.0,687.7
48491,186.6,427.6
48493,104.5,530.0
48495,448.9,316.2
48497,318.9,296.1
48499,243.1,234.5
48501,497.4,251.6
48503,351.5,346.8
48505,137.3,694.1
48507,178.0,596.3
49001,424.6,166.1
49003,566.6,113.7
49005,631.9,92.5
49007,589.6,73.4
49009,688.6,114.9
49011,593.0,54.2
49013,624.9,62.1
49015,554.4,106.9
49017,473.8,177.6
49019,602.3,146.0
49021,399.6,194.9
49023,512.1,78.8
49025,435.8,143.9
49027,459.7,128.8
49029,625.0,47.8
49031,466.4,145.4
49033,653.6,86.9
49035,592.2,25.1
49037,543.0,163.8
49039,537.1,70.9
49041,498.1,114.8
49043,634.8,46.5
49045,534.9,80.3
49047,653.0,111.4
49049,571.5,19.7
49051,600.3,23.5
49053,361.7,177.1
49055,511.3,151.4
49057,614.2,61.9
50001,142.9,17.9
50003,120.5,69.4
50005,131.0,38.9
50007,145.1,8.7
50009,123.0,54.7
50011,156.9,24.8
50013,137.3,28.7
50015,158.4,15.2
50017,133.2,38.9
50019,148.4,39.1
50021,137.6,34.6
50023,150.0,21.2
50025,101.2,79.6
50027,118.0,53.8
51001,21.4,157.4
51003,160.1,33.0
51005,228.6,95.6
51007,113.0,85.6
51009,180.6,69.9
51011,158.2,79.8
51013,105.8,79.9
51015,193.2,41.5
51017,219.9,73.1
51019,196.4,99.4
51021,278.0,50.9
51023,213.9,95.7
51025,103.4,124.9
51027,294.5,58.3
51029,146.7,64.0
51031,172.0,94.9
51033,100.9,70.2
51035,243.7,51.0
51036,66.2,111.4
51037,147.0,103.4
51041,93.4,92.1
51043,155.1,50.6
51045,236.2,101.2
51047,137.5,29.4
51049,131.2,69.0
51051,302.1,60.4
51053,91.1,109.3
51057,78.2,93.5
51059,111.8,70.0
51061,135.9,40.3
51063,240.3,75.4
51065,140.9,47.7
51067,214.5,101.0
51069,170.8,50.3
51071,260.5,75.3
51073,45.2,131.7
51075,119.6,62.6
51077,251.2,23.8
51079,162.7,14.1
51081,87.7,135.8
51083,162.8,122.2
51085,101.2,75.0
51087,80.7,98.3
51089,218.7,90.3
51091,219.8,57.7
51093,39.1,147.6
51095,51.9,124.1
51097,75.3,102.1
51099,92.4,74.0
51101,81.9,94.1
51103,53.8,126.1
51105,321.6,83.8
51107,137.6,61.3
51109,130.6,46.8
51111,123.8,108.3
51113,153.4,13.5
51115,39.2,142.4
51117,131.9,125.5
51119,56.8,123.8
51121,242.7,81.7
51125,169.9,53.4
51127,69.3,106.5
51131,28.1,163.0
51133,49.0,123.4
51135,114.5,97.0
51137,137.6,31.6
51139,167.8,8.5
51141,230.6,73.8
51143,187.9,124.0
51145,114.4,73.0
51147,136.0,88.2
51149,70.2,114.4
51153,117.7,56.8
51155,260.4,62.6
51157,152.2,22.0
51159,67.1,103.5
51161,232.8,96.7
51163,199.6,70.0
51165,187.0,20.8
51167,294.6,40.6
51169,301.6,58.1
51171,176.6,24.9
51173,271.8,23.9
51175,62.3,144.8
51177,118.0,50.7
51179,110.2,56.6
51181,50.9,130.0
51183,69.6,128.1
51185,289.2,43.3
51187,159.4,32.3
51191,279.5,25.9
51193,71.3,95.8
51195,312.7,65.4
51197,262.7,39.8
51199,31.1,144.9
51510,102.7,79.5
51520,279.7,32.0
51530,193.2,70.8
51540,157.3,32.0
51550,22.6,174.1
51570,80.9,104.6
51580,227.2,94.8
51590,190.0,121.8
51595,86.1,135.3
51600,113.8,69.2
51610,109.4,76.2
51620,54.2,151.7
51630,109.9,56.6
51640,244.0,39.7
51650,19.3,156.6
51660,185.6,20.7
51670,76.5,106.1
51678,198.8,71.4
51680,179.3,85.0
51683,119.1,57.5
51685,117.9,60.0
51690,214.3,97.2
51700,31.3,146.1
51710,13.6,164.5
51720,313.2,64.2
51730,79.6,108.0
51735,23.0,152.8
51740,19.9,163.0
51750,252.0,71.8
51760,92.2,87.1
51770,219.7,105.5
51775,225.1,101.1
51790,188.9,38.5
51800,37.8,161.1
51810,8.5,180.0
51820,178.3,37.0
51830,46.6,129.5
51840,165.7,49.7
53001,263.6,155.2
53003,324.5,163.3
53005,216.8,118.0
53007,175.9,86.4
53009,39.5,128.5
53011,70.8,84.5
53013,293.0,189.3
53015,76.0,64.1
53017,214.3,114.5
53019,279.4,186.8
53021,247.4,139.4
53023,312.2,172.1
53025,219.1,111.9
53027,19.6,96.6
53029,92.2,96.0
53031,45.8,102.2
53033,113.9,40.8
53035,82.2,64.8
53037,162.0,55.1
53039,152.8,86.2
53041,84.5,35.2
53043,270.6,165.5
53045,53.6,71.7
53047,227.1,148.7
53049,28.1,96.8
53051,338.7,184.1
53053,92.4,19.7
53055,74.6,126.5
53057,133.0,110.1
53059,100.6,60.9
53061,128.2,79.8
53063,317.8,165.1
53065,308.3,203.3
53067,60.0,48.7
53069,52.7,87.7
53071,265.8,163.8
53073,136.2,134.2
53075,309.8,166.9
53077,162.2,58.8
54001,192.2,26.9
54003,169.5,70.0
54005,245.9,105.4
54007,206.8,74.7
54009,108.8,93.7
54011,214.2,137.2
54013,192.9,90.1
54015,219.4,99.3
54017,169.5,65.0
54019,248.7,109.5
54021,190.8,75.0
54023,213.8,17.6
54025,254.3,102.0
54027,190.8,48.1
54029,95.2,107.2
54031,193.7,37.6
54033,174.6,47.8
54035,191.1,119.6
54037,156.3,65.5
54039,226.3,124.6
54041,191.2,55.3
54043,232.3,118.5
54045,256.7,93.8
54047,289.9,61.1
54049,163.7,45.0
54051,132.1,77.1
54053,191.9,139.0
54055,283.3,68.1
54057,209.2,32.3
54059,262.7,89.8
54061,160.8,42.3
54063,254.4,93.0
54065,183.4,70.9
54067,233.5,94.0
54069,118.0,86.1
54071,213.3,37.3
54073,156.8,89.6
54075,240.7,65.9
54077,181.8,20.7
54079,210.8,137.9
54081,266.2,89.2
54083,217.4,35.0
54085,170.7,83.9
54087,198.2,104.5
54089,272.0,89.8
54091,179.2,30.6
54093,205.6,6.9
54095,153.7,75.9
54097,201.8,44.3
54099,232.4,122.2
54101,225.3,71.1
54103,149.2,66.6
54105,179.0,101.7
54107,165.3,107.9
54109,276.1,76.3
55001,115.3,598.3
55003,17.7,646.9
55005,94.9,579.8
55007,25.3,625.0
55009,41.2,568.7
55011,167.6,581.7
55013,65.8,558.7
55015,70.5,561.6
55017,122.8,605.6
55019,142.5,636.0
55021,79.0,574.4
55023,154.0,532.0
55025,76.8,547.2
55027,50.1,559.4
55029,27.7,561.1
55031,25.3,589.3
55033,128.3,575.3
55035,146.0,604.8
55037,64.8,645.9
55039,60.1,561.4
55041,73.3,649.8
55043,141.6,510.9
55045,89.2,518.6
55047,76.1,582.9
55049,112.9,528.9
55051,38.8,663.8
55053,164.0,606.0
55055,44.2,549.6
55057,128.4,589.8
55059,28.5,496.0
55061,28.2,553.2
55063,172.9,574.3
55065,115.5,506.7
55067,73.7,643.1
55069,106.4,672.4
55071,58.3,539.0
55073,105.8,656.4
55075,30.6,606.7
55077,94.8,595.3
55078,52.2,616.6
55079,6.3,505.2
55081,151.2,583.0
55083,29.6,599.1
55085,93.3,680.5
55087,58.5,585.2
55089,34.8,524.8
55091,150.7,577.8
55093,144.2,548.9
55095,93.9,551.4
55097,99.9,630.0
55099,79.1,653.4
55101,16.5,497.0
55103,130.4,548.2
55105,63.8,530.3
55107,94.1,614.6
55109,123.5,548.7
55111,107.1,559.9
55113,68.0,617.1
55115,58.4,611.7
55117,51.7,528.7
55119,110.1,644.0
55121,175.4,598.3
55123,152.6,557.3
55125,77.1,693.6
55127,39.8,528.9
55129,64.4,586.5
55131,31.8,537.5
55133,20.5,528.4
55135,76.2,608.0
55137,101.4,606.0
55139,82.2,580.8
55141,125.4,625.6
56001,760.5,115.7
56003,778.5,156.3
56005,673.4,101.0
56007,812.4,139.5
56009,706.9,123.4
56011,620.0,66.7
56013,773.8,114.4
56015,685.4,138.9
56017,769.3,119.3
56019,726.8,153.5
56021,729.4,99.6
56023,692.1,87.9
56025,763.6,178.4
56027,656.9,80.9
56029,701.5,91.1
56031,710.0,148.5
56033,724.5,175.4
56035,717.6,67.4
56037,749.1,160.4
56039,667.6,42.3
56041,670.3,81.8
56043,781.1,158.6
56045,638.4,54.3
