fips,dew_point_f,sunshine_pct
01001,69.7,50.3
01003,72.6,36.2
01005,70.0,48.1
01007,69.4,51.2
01009,68.4,41.6
01011,69.7,50.3
01013,70.8,44.9
01015,68.4,45.8
01017,69.2,53.1
01019,67.9,32.9
01021,69.4,49.5
01023,70.5,53.9
01025,71.5,50.1
01027,68.9,52.5
01029,68.1,43.0
01031,71.0,43.8
01033,68.3,52.9
01035,71.8,46.9
01037,69.1,49.5
01039,72.0,40.8
01041,70.8,45.0
01043,68.2,40.5
01045,70.7,45.7
01047,69.6,50.9
01049,67.5,16.2
01051,69.7,50.7
01053,73.1,40.9
01055,68.2,36.7
01057,69.2,48.5
01059,68.4,48.3
01061,71.5,42.8
01063,69.7,55.7
01065,69.6,55.1
01067,70.7,38.6
01069,71.5,40.7
01071,67.6,19.6
01073,68.6,43.8
01075,69.1,52.4
01077,68.3,53.1
01079,68.2,46.8
01081,69.5,50.6
01083,68.2,39.9
01085,70.1,51.4
01087,69.6,50.4
01089,68.0,35.5
01091,70.1,57.3
01093,68.9,52.8
01095,68.4,40.5
01097,72.0,35.7
01099,71.6,48.0
01101,70.2,49.2
01103,68.2,37.6
01105,69.5,51.7
01107,69.8,55.3
01109,70.4,47.1
01111,68.3,50.1
01113,69.7,49.0
01115,68.5,45.3
01117,68.8,47.8
01119,70.1,59.5
01121,68.8,50.5
01123,69.1,55.3
01125,69.7,57.0
01127,68.9,44.1
01129,71.6,48.1
01131,70.0,56.0
01133,68.2,43.9
02013,46.1,2.3
02016,44.0,0.5
02020,48.0,17.4
02050,47.2,13.4
02060,47.0,13.5
02063,48.3,3.9
02066,43.1,17.3
02068,47.9,34.7
02070,47.0,13.5
02090,45.7,8.9
02100,49.7,4.9
02105,50.0,5.6
02110,49.7,4.9
02122,47.4,3.2
02130,51.2,9.4
02150,47.6,16.9
02158,47.2,13.4
02164,47.0,13.5
02170,47.9,31.1
02180,44.1,23.1
02185,35.4,14.3
02188,45.0,32.1
02195,50.6,7.0
02198,51.2,9.4
02220,50.5,6.7
02230,49.7,4.9
02240,44.2,5.7
02275,51.2,9.4
02282,49.4,9.8
02290,44.7,27.8
04001,39.8,72.8
04003,49.1,51.3
04005,38.4,56.8
04007,46.4,44.0
04009,48.1,22.2
04011,47.4,1.1
04012,50.0,84.7
04013,48.3,52.9
04015,39.7,30.1
04017,40.5,75.9
04019,49.9,70.4
04021,50.0,66.0
04023,49.9,76.6
04025,43.4,60.3
04027,51.9,85.3
05001,69.9,46.8
05003,70.7,58.3
05005,67.7,52.8
05007,67.0,61.8
05009,66.1,61.4
05011,70.6,58.0
05013,70.6,57.7
05015,66.2,61.5
05017,70.7,58.3
05019,69.9,49.7
05021,68.3,16.7
05023,69.9,41.9
05025,70.0,51.2
05027,70.3,53.4
05029,69.8,41.1
05031,68.5,26.5
05033,67.8,61.6
05035,68.6,35.7
05037,69.2,33.1
05039,70.0,49.1
05041,69.9,47.0
05043,70.5,58.3
05045,69.9,40.9
05047,67.7,61.9
05049,68.2,0.0
05051,69.8,42.0
05053,69.8,44.3
05055,68.4,22.4
05057,70.0,55.5
05059,69.8,42.8
05061,69.6,60.5
05063,69.4,27.1
05065,69.3,25.5
05067,69.4,34.4
05069,69.9,52.2
05071,68.2,57.9
05073,70.1,53.7
05075,68.9,21.4
05077,69.4,41.7
05079,69.9,50.2
05081,69.9,56.3
05083,68.2,55.0
05085,69.8,40.8
05087,66.9,61.9
05089,67.2,56.4
05091,69.9,56.8
05093,68.5,30.7
05095,69.9,44.2
05097,69.2,51.5
05099,70.1,59.1
05101,68.1,57.4
05103,70.2,58.3
05105,69.8,41.0
05107,69.6,44.3
05109,69.8,51.4
05111,68.9,24.8
05113,68.8,61.0
05115,68.8,44.3
05117,69.9,42.7
05119,69.7,35.0
05121,68.2,0.0
05123,69.2,33.0
05125,69.8,40.2
05127,68.3,61.9
05129,68.8,45.0
05131,68.2,61.5
05133,69.6,60.6
05135,69.1,19.7
05137,69.8,36.9
05139,70.6,57.3
05141,69.1,42.6
05143,66.8,62.1
05145,69.9,41.9
05147,69.5,34.6
05149,69.3,45.6
06001,53.3,47.7
06003,41.8,36.3
06005,53.0,69.7
06007,47.3,45.4
06009,52.8,70.6
06011,52.1,59.0
06013,53.3,49.1
06015,49.1,32.3
06017,47.1,38.1
06019,50.5,53.5
06021,49.4,65.9
06023,50.5,38.8
06025,53.2,86.0
06027,34.9,73.7
06029,49.0,79.7
06031,50.1,68.2
06033,51.0,53.7
06035,45.2,62.9
06037,55.7,72.9
06039,47.7,61.3
06041,53.2,48.4
06043,47.0,65.5
06045,49.4,57.6
06047,52.4,57.4
06049,44.2,25.3
06051,37.7,69.1
06053,49.6,68.1
06055,53.0,66.0
06057,39.9,9.0
06059,57.5,56.6
06061,44.3,25.6
06063,41.3,34.4
06065,53.7,84.7
06067,53.2,68.9
06069,50.5,68.4
06071,46.9,80.8
06073,59.8,47.3
06075,53.2,47.2
06077,52.2,75.4
06079,51.7,70.1
06081,53.2,45.3
06083,56.6,64.3
06085,53.0,51.8
06087,53.1,50.0
06089,47.9,54.2
06091,40.6,22.8
06093,45.3,20.5
06095,52.6,66.8
06097,51.7,50.9
06099,52.6,65.4
06101,53.3,64.3
06103,49.5,72.3
06105,50.1,62.9
06107,46.4,68.2
06109,52.2,68.1
06111,57.4,73.7
06113,53.2,64.7
06115,47.6,39.5
08001,46.4,12.5
08003,41.8,63.0
08005,46.3,13.4
08007,40.3,73.5
08009,50.0,29.8
08011,49.9,65.6
08013,46.3,13.2
08014,46.3,13.5
08015,42.8,44.5
08017,52.5,76.5
08019,46.3,13.0
08021,40.5,68.6
08023,43.3,54.0
08025,49.7,66.2
08027,45.3,55.0
08029,40.7,64.2
08031,46.3,16.4
08033,40.4,69.4
08035,46.1,12.7
08037,42.7,1.4
08039,47.7,45.9
08041,47.2,28.5
08043,45.8,48.7
08045,40.3,46.1
08047,46.3,13.1
08049,44.2,12.2
08051,40.7,64.0
08053,40.7,68.0
08055,45.1,49.1
08057,41.3,40.1
08059,46.2,12.7
08061,52.1,77.4
08063,52.8,74.9
08065,46.2,13.7
08067,40.4,72.6
08069,43.3,47.3
08071,47.3,29.4
08073,49.2,64.1
08075,51.9,55.5
08077,40.1,68.5
08079,40.6,69.1
08081,38.3,19.9
08083,40.4,72.6
08085,40.8,63.4
08087,49.0,44.0
08089,49.9,65.8
08091,40.9,62.9
08093,46.2,13.1
08095,52.7,59.3
08097,40.5,45.7
08099,54.7,77.9
08101,48.8,70.3
08103,40.1,32.0
08105,40.5,68.6
08107,40.2,14.3
08109,42.7,70.0
08111,40.7,67.9
08113,40.5,67.7
08115,53.3,54.2
08117,46.3,12.9
08119,46.9,24.0
08121,50.6,65.5
08123,45.8,35.1
08125,53.2,65.8
09110,60.4,24.3
09120,61.8,46.6
09130,61.0,33.5
09140,61.1,31.2
09150,60.3,18.9
09160,60.8,22.8
09170,61.4,37.3
09180,60.8,28.6
09190,61.4,23.6
10001,65.5,45.5
10003,64.4,39.9
10005,65.5,43.0
11001,64.6,25.7
12001,72.1,12.6
12003,71.8,25.3
12005,73.8,48.6
12007,72.0,15.8
12009,73.0,41.5
12011,73.7,20.9
12013,72.6,44.7
12015,73.1,49.5
12017,73.0,27.6
12019,71.9,17.7
12021,73.3,51.2
12023,71.8,18.2
12027,73.1,46.6
12029,72.2,7.1
12031,71.9,24.1
12033,73.1,41.0
12035,71.9,28.7
12037,72.8,43.0
12039,71.8,35.0
12041,72.1,9.7
12043,73.2,43.1
12045,73.2,44.2
12047,71.4,30.5
12049,73.3,45.4
12051,73.2,43.7
12053,73.2,44.4
12055,73.2,51.0
12057,73.2,36.0
12059,72.1,42.8
12061,73.0,41.3
12063,72.1,43.7
12065,71.4,36.3
12067,71.8,17.6
12069,72.3,31.9
12071,73.2,54.0
12073,71.5,34.9
12075,72.8,16.6
12077,72.3,42.2
12079,71.3,37.5
12081,73.3,44.6
12083,72.3,31.0
12085,73.5,19.6
12086,74.0,37.4
12087,74.1,34.3
12089,72.2,28.6
12091,72.7,40.3
12093,73.2,27.5
12095,72.5,41.3
12097,72.8,39.0
12099,73.6,17.0
12101,73.2,37.3
12103,73.5,47.7
12105,72.7,32.9
12107,71.8,20.0
12109,71.8,20.2
12111,73.3,26.4
12113,73.0,42.9
12115,73.3,46.1
12117,72.2,29.3
12119,72.3,31.8
12121,71.7,23.7
12123,71.8,21.3
12125,72.1,14.8
12127,72.2,28.6
12129,72.0,38.2
12131,73.0,40.3
12133,72.6,43.7
13001,72.3,47.8
13003,71.0,35.3
13005,71.7,46.5
13007,70.8,27.8
13009,69.1,55.7
13011,67.4,50.0
13013,67.4,49.2
13015,67.2,19.0
13017,71.0,32.8
13019,71.0,35.2
13021,69.3,52.9
13023,69.7,49.5
13025,72.4,40.6
13027,71.3,37.8
13029,72.0,38.8
13031,72.0,38.0
13033,69.7,51.4
13035,67.9,42.9
13037,70.6,31.4
13039,72.4,40.4
13043,71.2,46.0
13045,67.7,43.6
13047,67.2,22.6
13049,72.2,33.3
13051,72.1,41.8
13053,69.6,47.0
13055,67.2,12.4
13057,67.2,26.3
13059,67.6,58.5
13061,70.6,36.5
13063,67.2,33.9
13065,71.4,35.8
13067,67.3,34.2
13069,71.0,34.1
13071,71.0,32.1
13073,69.0,55.6
13075,71.0,35.4
13077,67.5,40.0
13079,69.4,54.8
13081,70.0,40.3
13083,67.4,18.8
13085,67.2,25.7
13087,71.1,32.2
13089,67.3,40.0
13091,69.8,46.4
13093,69.9,44.8
13095,70.6,21.5
13097,67.2,32.6
13099,70.6,35.3
13101,71.3,36.5
13103,71.9,37.7
13105,67.7,60.3
13107,70.3,49.3
13109,72.0,38.2
13111,66.9,18.3
13113,67.4,37.2
13115,67.2,8.1
13117,67.4,44.6
13119,66.4,59.7
13121,67.3,40.2
13123,67.3,22.3
13125,69.1,57.8
13127,72.8,56.3
13129,67.3,16.5
13131,71.2,30.9
13133,68.5,57.8
13135,67.3,44.0
13137,66.1,59.5
13139,67.4,47.3
13141,68.9,56.5
13143,67.8,35.3
13145,68.9,48.5
13147,66.3,59.6
13149,67.7,44.3
13151,67.3,39.5
13153,69.7,50.6
13155,71.0,32.9
13157,67.5,51.5
13159,68.9,56.4
13161,70.8,42.1
13163,69.6,57.6
13165,70.8,49.4
13167,69.6,56.2
13169,69.2,55.5
13171,68.7,45.1
13173,71.1,37.1
13175,69.6,55.4
13177,70.4,30.9
13179,72.2,45.3
13181,68.1,60.4
13183,72.2,47.1
13185,71.3,38.2
13187,67.4,37.9
13189,68.8,55.5
13191,72.4,51.1
13193,69.3,54.6
13195,67.4,55.7
13197,69.4,52.1
13199,68.5,42.6
13201,71.0,31.6
13205,70.9,27.2
13207,69.0,48.1
13209,70.2,48.0
13211,67.4,49.0
13213,67.3,20.9
13215,69.0,53.2
13217,67.3,43.8
13219,67.5,54.3
13221,67.9,55.7
13223,67.2,28.1
13225,69.5,54.5
13227,67.3,22.9
13229,72.1,44.1
13231,67.6,41.7
13233,67.6,28.1
13235,69.8,47.5
13237,68.9,56.6
13239,69.8,41.7
13241,65.7,59.2
13243,69.9,38.2
13245,69.3,58.3
13247,67.3,41.6
13249,69.4,52.8
13251,71.0,43.5
13253,71.0,33.4
13255,67.7,40.6
13257,66.1,59.5
13259,69.8,43.6
13261,70.3,35.8
13263,69.3,52.9
13265,68.6,60.2
13267,72.2,45.9
13269,69.2,54.8
13271,70.1,49.1
13273,70.1,33.8
13275,71.3,37.1
13277,71.0,32.2
13279,71.3,42.7
13281,65.8,48.5
13283,69.6,56.1
13285,68.7,44.1
13287,70.5,33.4
13289,69.5,54.2
13291,67.0,38.2
13293,69.2,54.9
13295,67.2,19.0
13297,67.4,47.5
13299,71.5,34.3
13301,68.8,60.2
13303,69.6,56.3
13305,72.3,49.4
13307,69.8,40.8
13309,70.0,49.8
13311,67.4,47.1
13313,67.2,20.5
13315,69.9,43.4
13317,68.0,60.4
13319,69.3,55.1
13321,70.8,27.9
15001,68.1,23.2
15003,67.8,28.1
15005,67.4,36.2
15007,69.6,44.2
15009,67.4,37.4
16001,41.5,63.4
16003,43.2,60.5
16005,41.7,54.0
16007,39.1,31.2
16009,44.3,28.9
16011,41.7,54.0
16013,40.9,48.9
16015,41.1,58.8
16017,44.3,29.1
16019,39.4,33.4
16021,44.3,29.0
16023,41.7,54.0
16025,40.8,54.6
16027,41.3,61.0
16029,39.1,31.5
16031,41.7,54.0
16033,41.7,54.0
16035,44.4,50.5
16037,41.9,68.8
16039,40.7,53.9
16041,39.7,36.9
16043,41.7,54.0
16045,41.9,59.1
16047,40.6,52.8
16049,44.5,50.6
16051,41.7,54.0
16053,40.8,48.1
16055,44.4,29.4
16057,44.8,40.0
16059,43.7,46.9
16061,45.2,52.4
16063,40.8,48.4
16065,41.7,54.0
16067,41.7,54.0
16069,45.0,49.2
16071,41.4,51.2
16073,40.6,51.7
16075,42.0,58.6
16077,41.7,54.0
16079,44.3,29.0
16081,38.8,28.2
16083,39.9,42.4
16085,41.9,68.8
16087,43.1,61.1
17001,64.3,46.5
17003,67.4,38.9
17005,65.8,41.9
17007,60.7,22.5
17009,64.3,47.8
17011,62.4,43.6
17013,65.9,31.4
17015,61.5,40.8
17017,64.1,56.2
17019,63.9,52.2
17021,64.7,53.9
17023,63.4,39.7
17025,65.6,51.1
17027,66.3,37.3
17029,63.9,52.7
17031,60.5,16.6
17033,64.5,43.3
17035,64.7,54.8
17037,60.6,27.3
17039,64.0,54.7
17041,63.9,52.6
17043,60.5,27.6
17045,63.4,40.2
17047,66.2,52.2
17049,65.0,52.2
17051,65.2,51.8
17053,63.5,51.3
17055,66.7,52.6
17057,63.6,56.6
17059,66.7,52.9
17061,65.3,37.0
17063,60.5,24.6
17065,66.6,53.1
17067,63.1,55.3
17069,66.9,52.9
17071,63.1,55.6
17073,62.7,56.3
17075,61.7,34.7
17077,66.5,44.5
17079,65.5,51.5
17081,66.1,42.3
17083,65.8,31.1
17085,61.5,45.2
17087,66.8,54.9
17089,60.6,33.5
17091,60.5,22.3
17093,60.5,27.2
17095,63.4,56.6
17097,60.4,21.4
17099,61.6,39.4
17101,65.3,54.1
17103,61.3,34.2
17105,61.6,38.1
17107,64.1,55.6
17109,63.6,56.9
17111,60.6,26.9
17113,63.9,55.1
17115,64.0,53.5
17117,65.4,42.5
17119,66.1,34.8
17121,65.6,41.2
17123,62.7,47.2
17125,64.0,55.9
17127,67.1,55.6
17129,64.2,56.7
17131,62.9,57.0
17133,66.1,35.1
17135,65.1,52.6
17137,64.4,49.4
17139,64.0,54.2
17141,60.7,21.0
17143,63.4,55.8
17145,66.5,42.7
17147,64.0,54.2
17149,65.3,38.0
17151,67.0,53.9
17153,67.3,44.3
17155,62.5,44.8
17157,66.2,36.2
17159,65.6,51.8
17161,62.7,57.4
17163,66.5,40.7
17165,66.6,53.9
17167,64.4,57.3
17169,63.7,57.0
17171,65.2,40.4
17173,64.7,52.9
17175,62.7,48.6
17177,60.7,27.9
17179,63.7,55.3
17181,67.3,40.2
17183,63.4,41.2
17185,65.9,54.8
17187,63.4,56.8
17189,66.3,37.3
17191,66.5,52.7
17193,66.4,53.7
17195,61.8,43.2
17197,60.5,22.1
17199,66.7,53.6
17201,60.7,20.7
17203,63.7,55.3
18001,61.5,24.2
18003,61.5,25.8
18005,63.7,24.5
18007,62.6,33.8
18009,62.1,18.8
18011,62.9,28.1
18013,64.1,23.1
18015,62.8,34.9
18017,62.1,38.3
18019,65.3,31.8
18021,63.7,35.1
18023,62.8,32.7
18025,65.5,31.5
18027,65.7,38.0
18029,63.6,27.6
18031,63.7,26.4
18033,60.9,22.3
18035,62.2,18.6
18037,65.7,37.6
18039,60.8,31.0
18041,63.3,28.2
18043,65.4,30.2
18045,63.2,39.9
18047,63.5,28.6
18049,61.8,37.3
18051,65.9,51.6
18053,62.5,25.9
18055,64.5,28.2
18057,62.8,25.5
18059,63.1,23.4
18061,65.4,30.8
18063,63.0,23.3
18065,62.5,21.6
18067,62.7,29.2
18069,61.8,27.7
18071,64.5,25.6
18073,61.6,34.5
18075,62.0,22.3
18077,64.7,25.7
18079,64.6,25.1
18081,63.1,21.7
18083,65.2,41.1
18085,61.6,34.8
18087,60.8,24.3
18089,60.5,19.8
18091,60.6,29.3
18093,64.5,25.2
18095,62.7,25.9
18097,63.1,20.8
18099,61.4,38.9
18101,65.5,38.5
18103,61.9,35.4
18105,64.1,23.2
18107,63.0,34.7
18109,63.3,26.2
18111,61.6,33.4
18113,61.0,23.7
18115,64.1,31.2
18117,65.4,31.5
18119,63.7,33.2
18121,63.3,36.5
18123,65.7,35.0
18125,65.8,42.2
18127,60.5,22.9
18129,66.4,53.4
18131,61.6,36.3
18133,63.0,28.0
18135,62.0,22.9
18137,64.3,33.9
18139,63.6,25.9
18141,60.8,39.6
18143,65.4,31.6
18145,63.5,23.7
18147,65.8,41.2
18149,61.3,35.9
18151,60.7,21.5
18153,64.4,40.8
18155,64.2,33.2
18157,63.0,44.6
18159,62.7,28.0
18161,63.3,28.2
18163,66.0,54.0
18165,63.3,38.8
18167,63.3,36.9
18169,61.8,32.4
18171,63.2,41.4
18173,65.8,46.8
18175,65.4,31.3
18177,62.5,22.2
18179,61.6,23.0
18181,62.6,40.5
18183,61.7,28.8
19001,63.5,37.5
19003,63.7,39.7
19005,60.6,52.3
19007,63.1,47.0
19009,63.7,39.8
19011,62.5,56.1
19013,61.8,55.5
19015,62.1,39.6
19017,61.7,54.9
19019,62.0,55.8
19021,61.4,53.8
19023,61.6,54.2
19025,62.1,45.4
19027,63.0,43.0
19029,63.7,40.6
19031,62.4,56.4
19033,60.8,50.9
19035,62.2,53.0
19037,61.0,54.2
19039,63.0,36.4
19041,61.3,53.0
19043,61.8,55.4
19045,62.2,56.1
19047,63.5,51.0
19049,63.1,34.3
19051,63.1,49.1
19053,63.0,38.6
19055,61.9,55.4
19057,62.9,56.1
19059,60.9,45.6
19061,61.6,54.7
19063,60.4,40.7
19065,61.9,55.7
19067,60.9,53.2
19069,61.5,47.8
19071,63.9,49.1
19073,62.6,37.2
19075,61.8,54.8
19077,63.5,37.2
19079,61.8,44.0
19081,60.8,52.0
19083,61.8,46.0
19085,63.7,48.6
19087,63.0,55.7
19089,60.7,54.2
19091,61.6,45.4
19093,63.3,53.0
19095,62.7,55.8
19097,61.9,55.2
19099,62.7,41.9
19101,63.1,54.9
19103,62.9,56.5
19105,62.1,55.8
19107,63.1,50.2
19109,60.5,51.8
19111,63.0,55.7
19113,62.3,56.2
19115,62.9,56.2
19117,63.0,39.3
19119,60.9,42.1
19121,63.1,34.8
19123,63.1,48.6
19125,63.0,42.7
19127,62.4,46.2
19129,64.0,48.1
19131,60.7,53.3
19133,63.3,52.7
19135,63.1,47.4
19137,63.9,48.4
19139,62.5,56.6
19141,61.5,54.5
19143,60.9,46.7
19145,63.9,49.0
19147,61.5,54.3
19149,61.8,58.2
19151,62.0,46.9
19153,62.8,34.1
19155,63.9,47.0
19157,63.0,47.9
19159,63.6,38.1
19161,63.0,45.8
19163,62.5,56.8
19165,63.7,49.0
19167,61.4,55.6
19169,62.1,40.6
19171,62.4,55.7
19173,63.7,40.1
19175,63.5,37.0
19177,63.0,55.1
19179,63.2,51.6
19181,62.9,32.9
19183,63.0,55.8
19185,63.1,41.0
19187,61.8,43.4
19189,60.8,52.3
19191,60.7,53.6
19193,62.5,58.4
19195,60.8,51.9
19197,61.5,46.4
20001,65.9,59.7
20003,65.4,60.7
20005,65.5,47.4
20007,62.7,8.4
20009,61.9,70.7
20011,65.8,60.6
20013,65.5,48.5
20015,64.3,41.1
20017,64.1,45.7
20019,65.6,26.9
20021,66.4,53.4
20023,55.1,74.2
20025,60.5,53.6
20027,63.7,64.9
20029,63.2,63.4
20031,65.4,60.3
20033,61.2,38.2
20035,65.1,30.9
20037,66.2,60.9
20039,57.6,70.7
20041,63.6,65.6
20043,65.5,48.6
20045,65.4,60.3
20047,61.3,49.8
20049,65.3,28.8
20051,61.9,70.7
20053,62.8,68.9
20055,59.4,74.1
20057,60.1,66.1
20059,65.4,60.5
20061,63.9,63.3
20063,58.5,73.4
20065,59.7,71.9
20067,59.6,73.4
20069,59.6,73.2
20071,56.1,75.7
20073,64.8,40.6
20075,56.3,76.0
20077,63.7,17.2
20079,64.3,40.7
20081,59.6,73.5
20083,60.1,72.1
20085,65.5,52.8
20087,65.5,51.8
20089,62.6,65.8
20091,65.4,51.7
20093,58.9,73.7
20095,63.8,18.3
20097,60.9,45.2
20099,66.9,42.6
20101,58.9,73.4
20103,65.4,47.7
20105,62.8,68.3
20107,65.4,61.1
20109,57.4,74.2
20111,65.2,57.0
20113,63.9,51.4
20115,64.0,47.6
20117,64.7,60.3
20119,60.3,59.0
20121,65.4,50.1
20123,62.9,66.9
20125,66.3,40.2
20127,64.7,63.1
20129,55.7,41.1
20131,65.5,50.3
20133,66.5,46.7
20135,60.4,72.2
20137,62.0,69.4
20139,65.4,59.6
20141,62.7,68.3
20143,63.0,67.4
20145,61.4,52.3
20147,62.3,67.3
20149,65.0,59.9
20151,62.6,19.8
20153,57.2,71.5
20155,64.0,22.3
20157,63.0,64.7
20159,63.2,56.1
20161,64.0,65.0
20163,62.6,68.5
20165,60.9,71.6
20167,62.2,70.2
20169,63.2,70.4
20171,58.7,73.5
20173,64.6,22.4
20175,59.6,73.1
20177,65.5,57.0
20179,58.9,73.1
20181,56.2,73.9
20183,62.4,66.9
20185,61.7,44.2
20187,56.3,76.8
20189,59.6,73.2
20191,64.2,26.7
20193,56.3,73.9
20195,60.7,72.0
20197,65.1,60.9
20199,57.1,74.1
20201,63.2,63.4
20203,58.5,73.6
20205,65.2,44.3
20207,65.1,56.3
20209,65.4,50.1
21001,65.7,47.5
21003,66.8,43.9
21005,64.8,40.7
21007,67.3,47.9
21009,66.4,42.6
21011,64.5,50.0
21013,66.3,29.3
21015,63.9,27.7
21017,64.2,43.7
21019,64.3,44.4
21021,64.8,40.3
21023,64.2,39.1
21025,64.5,49.4
21027,65.5,32.4
21029,65.5,30.9
21031,66.7,47.6
21033,67.1,50.4
21035,67.7,52.3
21037,64.0,36.0
21039,67.4,45.4
21041,64.6,24.9
21043,64.5,43.1
21045,65.1,36.0
21047,67.4,40.5
21049,64.2,44.5
21051,65.2,41.7
21053,66.3,41.0
21055,66.9,52.2
21057,66.4,39.0
21059,66.1,49.9
21061,66.2,42.3
21063,64.5,42.9
21065,64.6,49.3
21067,64.3,47.7
21069,64.5,49.8
21071,63.5,39.8
21073,64.7,41.7
21075,67.8,41.9
21077,64.0,34.6
21079,64.7,42.1
21081,64.1,37.0
21083,67.5,54.7
21085,66.0,38.1
21087,65.9,35.8
21089,64.6,42.7
21091,65.7,37.4
21093,65.6,33.1
21095,66.3,29.3
21097,64.2,41.0
21099,66.0,37.6
21101,66.4,53.1
21103,64.9,37.1
21105,67.7,45.7
21107,66.8,49.5
21109,64.3,52.0
21111,65.3,32.8
21113,64.6,45.8
21115,63.7,40.5
21117,64.0,33.4
21119,64.6,47.0
21121,65.4,39.6
21123,65.5,32.3
21125,65.2,42.1
21127,64.0,41.7
21129,64.4,50.0
21131,65.1,42.7
21133,64.6,47.0
21135,64.5,49.3
21137,64.8,40.3
21139,67.0,53.5
21141,67.0,42.1
21143,67.1,51.1
21145,67.2,54.5
21147,65.4,39.2
21149,66.6,50.9
21151,64.7,42.9
21153,64.5,42.3
21155,65.2,34.1
21157,67.1,52.5
21159,63.6,39.9
21161,64.2,39.9
21163,65.6,32.6
21165,64.5,49.8
21167,64.7,41.7
21169,66.1,38.8
21171,66.4,39.7
21173,64.5,50.3
21175,64.5,43.0
21177,66.9,49.6
21179,65.5,31.7
21181,64.2,41.6
21183,66.2,49.1
21185,65.3,32.4
21187,64.1,39.4
21189,64.4,49.9
21191,64.1,37.9
21193,64.5,49.4
21195,63.4,39.4
21197,64.5,50.2
21199,65.3,41.1
21201,64.2,40.2
21203,64.8,40.4
21205,64.5,49.4
21207,65.6,47.8
21209,64.2,44.4
21211,65.0,36.2
21213,66.8,43.3
21215,65.4,31.7
21217,65.2,34.0
21219,67.2,40.5
21221,67.4,47.9
21223,64.8,26.7
21225,66.7,52.6
21227,66.7,51.8
21229,64.9,37.6
21231,65.7,44.8
21233,66.8,51.8
21235,65.4,38.8
21237,64.5,49.6
21239,64.5,46.5
22001,72.9,52.1
22003,72.5,49.6
22005,73.2,41.1
22007,73.2,41.9
22009,71.8,49.3
22011,72.7,47.9
22013,70.8,48.5
22015,70.3,44.8
22017,70.3,39.8
22019,73.4,52.0
22021,71.2,55.4
22023,73.7,53.3
22025,71.1,52.0
22027,70.7,51.3
22029,71.6,54.7
22031,70.8,39.5
22033,72.3,43.1
22035,70.8,51.0
22037,72.0,44.5
22039,72.6,50.5
22041,71.0,52.3
22043,71.1,45.7
22045,73.2,47.3
22047,73.2,45.5
22049,70.9,52.7
22051,73.3,37.8
22053,73.0,52.0
22055,73.0,53.6
22057,73.3,36.5
22059,71.3,51.7
22061,70.9,52.6
22063,72.5,41.1
22065,70.8,49.4
22067,71.0,58.5
22069,71.0,43.9
22071,73.2,46.3
22073,71.2,57.2
22075,73.3,38.6
22077,72.4,46.3
22079,72.3,48.5
22081,70.8,42.0
22083,71.1,55.4
22085,71.0,42.4
22087,73.0,38.9
22089,73.1,33.2
22091,71.9,44.7
22093,73.3,39.4
22095,72.9,36.9
22097,72.8,51.9
22099,73.1,48.1
22101,73.2,44.6
22103,72.8,42.4
22105,72.3,42.7
22107,70.8,49.7
22109,73.2,41.2
22111,70.9,54.2
22113,73.3,54.6
22115,71.4,43.5
22117,72.1,44.4
22119,70.3,48.1
22121,72.4,44.5
22123,70.9,52.7
22125,72.2,45.4
22127,71.1,46.8
23001,57.5,26.6
23003,54.4,24.0
23005,57.9,32.8
23007,57.2,26.8
23009,56.8,20.0
23011,56.9,22.1
23013,57.2,26.9
23015,57.5,26.3
23017,57.0,29.6
23019,55.7,8.2
23021,54.5,16.2
23023,57.6,28.1
23025,56.8,20.0
23027,57.2,25.5
23029,54.9,0.0
23031,58.3,35.4
24001,60.4,30.1
24003,64.3,26.0
24005,64.3,23.9
24009,65.4,26.7
24011,65.5,31.6
24013,64.2,18.4
24015,64.3,28.4
24017,65.2,29.6
24019,65.8,31.2
24021,63.3,31.8
24023,60.3,14.6
24025,64.6,32.6
24027,64.3,24.1
24029,64.7,34.0
24031,64.2,18.7
24033,64.4,38.6
24035,64.8,35.1
24037,66.0,24.3
24039,67.1,35.0
24041,65.0,27.1
24043,62.3,42.1
24045,65.7,34.6
24047,65.6,39.3
24510,64.3,22.6
25001,60.3,10.2
25003,60.0,16.3
25005,60.5,12.0
25007,60.4,11.2
25009,59.0,17.7
25011,59.3,15.5
25013,60.4,24.2
25015,59.5,16.5
25017,58.7,21.8
25019,60.3,11.4
25021,60.1,15.4
25023,60.4,5.5
25025,59.6,20.4
25027,60.1,19.6
26001,56.6,33.6
26003,53.6,31.6
26005,59.7,26.8
26007,55.9,35.8
26009,56.2,25.0
26011,57.2,30.3
26013,53.6,31.6
26015,59.3,13.2
26017,58.4,27.3
26019,57.1,27.1
26021,60.6,29.5
26023,60.0,13.4
26025,59.3,11.4
26027,60.6,33.5
26029,55.5,28.0
26031,55.2,33.8
26033,54.7,36.5
26035,57.0,27.8
26037,59.0,24.4
26039,56.2,30.8
26041,56.9,14.2
26043,53.6,31.6
26045,59.2,15.4
26047,55.3,30.6
26049,58.8,35.4
26051,57.6,31.5
26053,53.6,31.6
26055,56.7,16.2
26057,58.8,27.7
26059,59.7,19.6
26061,53.6,31.6
26063,58.0,31.5
26065,59.1,20.6
26067,59.2,15.0
26069,56.8,32.4
26071,53.6,31.6
26073,57.9,28.0
26075,59.6,6.5
26077,59.8,18.6
26079,56.3,25.7
26081,59.2,15.6
26083,53.6,31.6
26085,57.3,24.6
26087,59.3,27.3
26089,56.2,24.0
26091,60.1,30.9
26093,59.2,35.1
26095,54.8,35.3
26097,55.2,30.7
26099,59.9,19.0
26101,57.3,23.3
26103,53.6,31.6
26105,58.4,17.6
26107,58.2,23.5
26109,59.1,51.7
26111,58.2,28.3
26113,56.7,27.6
26115,60.1,31.8
26117,59.1,19.4
26119,55.8,35.3
26121,59.2,19.5
26123,58.5,22.5
26125,59.3,25.0
26127,59.2,18.4
26129,56.7,32.9
26131,53.6,31.6
26133,57.0,25.7
26135,55.8,35.5
26137,55.7,34.8
26139,59.1,22.3
26141,55.9,35.7
26143,56.3,34.2
26145,58.8,27.3
26147,59.6,23.5
26149,60.6,24.7
26151,59.3,27.4
26153,55.5,28.3
26155,58.8,30.5
26157,59.1,27.9
26159,59.8,29.1
26161,59.8,22.0
26163,59.8,18.2
26165,57.0,23.3
27001,55.3,42.5
27003,58.9,41.9
27005,56.6,44.2
27007,55.2,24.5
27009,57.9,48.8
27011,58.4,47.7
27013,59.8,35.0
27015,59.5,32.8
27017,54.6,41.7
27019,58.9,40.5
27021,55.8,40.6
27023,58.8,42.2
27025,58.9,42.8
27027,57.0,48.1
27029,56.0,31.9
27031,53.6,31.6
27033,60.0,35.5
27035,56.8,45.3
27037,59.3,40.0
27039,59.5,48.9
27041,57.5,46.1
27043,60.3,46.5
27045,60.2,52.9
27047,60.1,47.4
27049,59.4,44.7
27051,57.2,46.3
27053,58.9,38.8
27055,60.1,50.2
27057,56.2,39.9
27059,58.7,44.1
27061,54.7,41.3
27063,60.3,40.7
27065,58.0,49.8
27067,58.6,42.5
27069,56.6,20.8
27071,54.5,29.6
27073,58.6,46.4
27075,54.0,40.2
27077,55.1,7.7
27079,59.3,35.2
27081,59.5,45.6
27083,59.6,42.0
27085,58.9,36.2
27087,56.6,42.2
27089,56.5,20.4
27091,60.3,39.5
27093,58.8,39.1
27095,57.9,49.9
27097,57.4,48.6
27099,60.2,53.4
27101,59.7,42.8
27103,59.4,34.1
27105,60.7,45.1
27107,56.9,44.4
27109,59.9,54.9
27111,56.9,45.2
27113,56.6,28.8
27115,56.2,46.6
27117,59.8,45.4
27119,56.9,41.2
27121,58.1,45.3
27123,59.2,41.9
27125,56.8,41.2
27127,59.7,34.7
27129,59.3,35.7
27131,59.3,42.6
27133,60.7,46.5
27135,56.1,13.0
27137,54.0,40.0
27139,58.9,38.9
27141,58.5,47.3
27143,59.4,34.2
27145,57.7,49.9
27147,59.8,46.1
27149,58.3,46.2
27151,58.5,44.5
27153,57.5,48.1
27155,57.7,52.4
27157,59.6,51.8
27159,56.5,41.6
27161,59.8,44.5
27163,59.2,42.4
27165,59.8,34.2
27167,57.0,47.4
27169,59.8,51.0
27171,58.6,44.7
27173,58.8,42.5
28001,70.7,49.2
28003,68.6,51.9
28005,71.0,44.1
28007,69.9,43.6
28009,68.7,41.4
28011,70.0,58.9
28013,68.8,34.8
28015,69.6,36.0
28017,69.0,45.7
28019,69.7,43.8
28021,70.7,47.1
28023,70.4,51.2
28025,69.5,48.8
28027,69.3,39.2
28029,70.4,42.1
28031,70.3,47.5
28033,68.7,34.3
28035,70.9,47.8
28037,70.7,48.6
28039,72.3,36.1
28041,71.7,38.1
28043,68.8,33.9
28045,73.0,39.2
28047,72.8,38.1
28049,70.5,42.0
28051,70.2,43.6
28053,70.7,44.3
28055,70.8,46.9
28057,68.9,47.2
28059,72.4,35.9
28061,70.3,50.5
28063,70.7,48.2
28065,70.4,47.1
28067,70.3,49.0
28069,70.1,54.7
28071,68.7,39.5
28073,70.9,41.9
28075,70.2,57.0
28077,70.4,47.2
28079,70.2,45.6
28081,68.8,40.7
28083,70.2,34.8
28085,70.5,46.2
28087,69.6,52.1
28089,70.2,40.1
28091,71.2,47.5
28093,68.7,39.2
28095,69.0,48.2
28097,69.7,42.7
28099,70.2,52.1
28101,70.2,51.8
28103,69.8,54.0
28105,69.6,51.0
28107,68.7,32.6
28109,72.4,43.4
28111,71.0,46.7
28113,70.8,50.3
28115,68.8,39.3
28117,68.6,48.8
28119,69.1,39.7
28121,70.3,38.9
28123,70.2,44.7
28125,70.7,45.5
28127,70.3,44.3
28129,70.3,46.7
28131,72.0,45.2
28133,70.1,47.3
28135,68.8,33.2
28137,68.7,37.1
28139,68.7,41.9
28141,68.5,52.6
28143,69.0,37.4
28145,68.8,39.9
28147,71.1,48.6
28149,70.7,46.0
28151,70.5,50.9
28153,70.7,45.9
28155,69.4,45.2
28157,71.6,52.3
28159,70.1,52.3
28161,68.8,33.9
28163,70.5,41.4
29001,64.1,55.1
29003,65.4,48.3
29005,63.8,49.6
29007,65.5,44.1
29009,66.1,61.3
29011,66.1,57.6
29013,65.6,44.7
29015,65.7,49.4
29017,67.5,27.2
29019,65.6,52.5
29021,65.4,45.9
29023,68.1,3.9
29025,65.5,43.8
29027,65.5,48.9
29029,65.6,53.1
29031,67.4,33.3
29033,65.6,43.8
29035,68.2,0.0
29037,65.5,46.0
29039,65.9,55.6
29041,65.6,53.3
29043,65.8,61.1
29045,63.1,54.9
29047,65.4,45.0
29049,65.4,46.7
29051,65.6,50.2
29053,65.6,52.5
29055,65.6,37.2
29057,65.8,57.6
29059,65.8,55.6
29061,65.5,43.5
29063,65.4,47.9
29065,66.6,29.3
29067,65.4,60.8
29069,68.4,24.7
29071,65.9,32.2
29073,65.6,39.4
29075,64.7,39.8
29077,65.5,60.9
29079,64.7,47.7
29081,64.5,38.9
29083,65.7,43.3
29085,65.8,53.5
29087,65.5,49.5
29089,65.6,51.1
29091,66.8,29.9
29093,67.1,24.2
29095,65.4,49.0
29097,66.3,61.0
29099,66.0,33.0
29101,65.7,42.9
29103,64.2,55.3
29105,65.5,54.6
29107,65.6,44.2
29109,65.9,61.1
29111,64.3,55.5
29113,65.6,34.2
29115,64.9,50.3
29117,65.6,43.7
29119,66.3,61.3
29121,64.9,51.2
29123,67.2,21.4
29125,65.6,42.0
29127,65.6,39.7
29129,63.7,36.5
29131,65.6,53.5
29133,67.7,41.1
29135,65.6,52.5
29137,65.7,46.9
29139,65.6,39.8
29141,65.6,51.3
29143,67.9,31.7
29145,66.3,61.1
29147,64.6,38.9
29149,68.2,0.0
29151,65.5,44.2
29153,65.4,60.8
29155,68.4,27.0
29157,67.3,35.3
29159,65.7,46.8
29161,65.6,39.8
29163,65.6,36.9
29165,65.5,38.1
29167,65.7,56.7
29169,65.6,54.1
29171,63.1,43.0
29173,65.6,39.6
29175,65.6,51.3
29177,65.5,44.9
29179,67.4,12.0
29181,68.2,0.0
29183,65.9,30.8
29185,65.9,52.5
29186,66.1,34.7
29187,66.0,34.0
29189,65.7,29.7
29195,65.6,51.0
29197,63.1,45.0
29199,63.3,53.2
29201,67.6,29.6
29203,68.2,0.0
29205,64.5,56.0
29207,67.9,14.5
29209,66.0,61.2
29211,63.1,42.3
29213,66.0,61.2
29215,66.6,33.6
29217,66.0,55.1
29219,65.6,35.3
29221,66.0,33.2
29223,67.9,12.4
29225,65.6,60.8
29227,64.3,34.0
29229,65.4,60.8
29510,65.8,31.1
30001,44.6,48.8
30003,46.9,49.9
30005,45.8,31.3
30007,43.6,53.0
30009,45.9,37.6
30011,47.9,53.2
30013,43.3,53.6
30015,44.6,38.4
30017,49.2,59.1
30019,50.0,60.3
30021,50.5,58.7
30023,43.7,49.9
30025,49.2,59.1
30027,44.5,8.3
30029,45.6,34.9
30031,44.3,49.6
30033,48.9,60.6
30035,45.8,33.6
30037,45.0,19.6
30039,43.4,49.5
30041,46.0,45.3
30043,43.6,53.0
30045,43.6,31.9
30047,44.8,40.0
30049,43.2,54.3
30051,45.1,50.3
30053,45.8,33.6
30055,48.9,60.7
30057,44.0,50.4
30059,43.6,53.8
30061,44.5,42.2
30063,43.9,46.1
30065,45.1,21.9
30067,45.0,45.7
30069,44.8,15.8
30071,47.8,53.9
30073,44.3,49.4
30075,47.8,55.6
30077,43.3,52.6
30079,49.2,59.1
30081,43.7,46.9
30083,50.9,59.3
30085,50.5,59.8
30087,48.1,54.5
30089,45.1,38.4
30091,52.0,58.1
30093,43.7,50.2
30095,45.2,32.4
30097,44.9,32.7
30099,43.8,52.0
30101,44.8,51.9
30103,47.5,48.3
30105,48.7,61.8
30107,44.7,23.6
30109,50.6,58.6
30111,45.7,32.3
31001,62.0,65.9
31003,61.8,61.3
31005,55.1,57.5
31007,50.9,60.4
31009,57.8,65.2
31011,61.7,62.4
31013,52.6,59.4
31015,59.3,38.4
31017,57.3,64.6
31019,61.4,64.0
31021,63.4,51.6
31023,62.9,57.5
31025,63.9,49.8
31027,61.6,58.4
31029,55.9,59.6
31031,56.3,63.6
31033,51.8,45.2
31035,62.2,64.0
31037,62.4,56.4
31039,62.3,57.4
31041,60.7,64.6
31043,62.5,59.6
31045,50.7,45.5
31047,60.7,64.8
31049,52.0,53.5
31051,61.8,59.1
31053,63.2,50.8
31055,63.9,47.3
31057,55.8,72.1
31059,62.3,62.0
31061,62.3,63.8
31063,59.2,66.6
31065,60.9,64.8
31067,63.5,57.1
31069,54.0,55.0
31071,61.8,62.6
31073,60.9,64.8
31075,55.8,56.1
31077,61.8,62.4
31079,62.1,62.1
31081,62.1,61.7
31083,61.2,64.7
31085,58.2,69.1
31087,57.7,70.3
31089,59.4,44.0
31091,57.9,65.2
31093,61.9,61.8
31095,62.8,62.4
31097,63.7,51.4
31099,62.2,64.0
31101,56.0,54.4
31103,56.3,63.6
31105,50.2,55.8
31107,61.3,44.5
31109,63.3,56.2
31111,59.2,66.6
31113,58.5,65.8
31115,59.1,63.1
31117,58.2,65.6
31119,61.6,61.9
31121,61.9,61.8
31123,52.5,55.9
31125,61.8,62.2
31127,63.8,50.3
31129,62.4,63.6
31131,63.8,50.8
31133,64.2,56.8
31135,55.0,59.3
31137,61.2,64.6
31139,61.7,61.6
31141,61.9,60.6
31143,62.2,59.8
31145,57.9,69.8
31147,64.4,56.7
31149,56.3,63.6
31151,62.5,60.9
31153,64.0,48.4
31155,63.7,51.2
31157,52.3,66.5
31159,63.1,56.9
31161,54.5,66.9
31163,61.4,63.5
31165,50.8,46.8
31167,61.8,61.7
31169,62.8,63.1
31171,58.0,65.3
31173,62.4,58.3
31175,61.8,62.6
31177,63.8,47.8
31179,62.0,59.2
31181,62.3,64.1
31183,61.7,62.6
31185,62.3,61.5
32001,34.5,62.7
32003,38.9,50.4
32005,36.9,35.2
32007,33.9,6.6
32009,31.7,75.7
32011,32.8,33.0
32013,33.4,70.6
32015,33.7,51.0
32017,36.0,72.3
32019,36.6,39.0
32021,33.4,65.7
32023,31.2,74.9
32027,34.1,66.0
32029,36.7,39.4
32031,34.7,60.8
32033,31.3,69.7
32510,37.0,35.5
33001,58.1,30.6
33003,58.1,38.3
33005,58.4,24.2
33007,56.9,31.1
33009,57.1,32.1
33011,58.1,21.6
33013,58.0,34.0
33015,58.3,22.9
33017,58.3,27.1
33019,57.4,30.9
34001,64.3,57.3
34003,61.2,35.5
34005,63.5,48.3
34007,63.0,36.6
34009,64.8,54.7
34011,64.7,55.6
34013,61.4,29.2
34015,63.2,36.9
34017,61.4,28.1
34019,61.8,42.0
34021,62.8,41.1
34023,62.1,33.0
34025,62.7,24.6
34027,61.3,29.4
34029,63.6,49.8
34031,61.3,31.9
34033,64.3,40.2
34035,62.1,33.6
34037,61.3,30.0
34039,61.4,25.2
34041,61.3,40.7
35001,44.7,40.7
35003,45.7,68.6
35005,53.7,79.2
35006,41.5,57.0
35007,46.0,19.1
35009,55.0,62.3
35011,54.4,70.4
35013,48.5,60.0
35015,54.9,76.6
35017,46.6,34.8
35019,55.0,62.3
35021,51.5,2.7
35023,47.4,1.1
35025,55.2,77.5
35027,53.6,80.3
35028,44.7,40.7
35029,48.0,61.6
35031,40.3,66.4
35033,45.7,1.6
35035,52.7,68.6
35037,53.8,41.2
35039,40.3,73.5
35041,55.3,64.4
35043,44.7,40.7
35045,39.8,77.0
35047,44.7,40.7
35049,44.7,40.7
35051,45.7,68.6
35053,45.3,56.7
35055,42.7,40.8
35057,44.7,40.7
35059,50.3,2.5
35061,44.7,40.7
36001,59.7,20.1
36003,57.7,26.2
36005,61.5,27.8
36007,57.7,37.5
36009,57.7,20.8
36011,59.0,13.4
36013,58.4,29.9
36015,58.6,36.0
36017,58.1,27.5
36019,57.4,31.2
36021,60.0,15.1
36023,58.3,25.9
36025,59.0,21.8
36027,61.1,9.4
36029,58.8,14.2
36031,57.2,31.3
36033,58.0,32.2
36035,59.1,20.9
36037,58.9,13.0
36039,60.0,15.0
36041,58.7,22.6
36043,58.6,16.8
36045,58.6,14.5
36047,61.9,17.6
36049,58.5,18.9
36051,58.8,17.3
36053,58.6,15.5
36055,58.9,11.3
36057,59.6,15.2
36059,61.9,14.4
36061,61.3,29.4
36063,58.9,14.0
36065,58.8,14.1
36067,58.9,12.7
36069,58.9,15.8
36071,61.0,14.7
36073,58.9,12.9
36075,58.8,13.5
36077,58.6,22.8
36079,61.2,12.4
36081,62.1,17.9
36083,59.7,20.1
36085,61.4,25.0
36087,61.2,22.5
36089,58.3,28.8
36091,58.7,26.9
36093,59.6,20.8
36095,59.3,21.1
36097,58.4,30.9
36099,58.9,17.3
36101,58.4,29.4
36103,61.9,34.1
36105,60.4,29.1
36107,58.0,31.7
36109,58.3,28.8
36111,60.5,6.4
36113,57.8,28.0
36115,58.0,27.8
36117,59.0,14.0
36119,61.1,12.2
36121,58.8,13.3
36123,58.8,19.6
37001,66.7,29.2
37003,65.3,34.5
37005,65.0,30.7
37007,68.0,44.0
37009,65.1,36.6
37011,65.1,49.3
37013,70.2,46.8
37015,68.8,46.3
37017,68.5,50.9
37019,69.1,46.5
37021,64.2,54.8
37023,65.2,47.9
37025,66.5,30.3
37027,65.3,46.6
37029,67.9,33.4
37031,70.2,43.4
37033,65.8,33.3
37035,65.5,34.1
37037,67.9,37.9
37039,66.8,20.8
37041,68.0,33.7
37043,65.8,46.9
37045,65.5,45.4
37047,68.7,54.4
37049,70.2,53.5
37051,68.5,51.5
37053,67.9,33.2
37055,70.9,19.4
37057,66.3,29.7
37059,66.1,25.5
37061,69.8,47.2
37063,67.1,27.4
37065,68.9,44.4
37067,65.3,27.6
37069,68.1,35.7
37071,66.0,36.5
37073,68.0,33.9
37075,65.8,35.5
37077,67.2,29.2
37079,69.7,48.7
37081,66.0,26.8
37083,68.1,41.6
37085,68.5,49.6
37087,64.7,51.2
37089,64.1,55.9
37091,67.8,44.4
37093,68.5,50.1
37095,70.7,25.9
37097,65.5,32.5
37099,64.9,50.7
37101,68.4,40.2
37103,70.2,46.4
37105,68.2,41.5
37107,69.8,48.7
37109,65.8,40.1
37111,64.9,51.2
37113,65.2,48.2
37115,64.7,51.4
37117,69.9,48.6
37119,66.3,29.9
37121,64.9,50.7
37123,67.5,39.9
37125,68.5,49.9
37127,68.3,38.5
37129,70.2,43.1
37131,67.9,43.2
37133,70.2,41.2
37135,67.0,28.8
37137,70.2,45.6
37139,67.9,33.5
37141,70.0,46.0
37143,67.9,33.6
37145,66.0,33.3
37147,69.8,48.8
37149,65.0,53.6
37151,66.7,30.2
37153,68.5,50.2
37155,68.5,50.8
37157,65.4,27.8
37159,66.5,30.2
37161,65.1,50.7
37163,68.7,50.5
37165,68.5,50.3
37167,66.7,31.7
37169,64.7,35.2
37171,65.1,30.1
37173,65.4,44.2
37175,64.7,53.8
37177,69.3,22.4
37179,67.7,38.9
37181,67.0,38.9
37183,67.6,31.4
37185,67.6,30.0
37187,70.5,33.0
37189,65.2,48.0
37191,69.2,48.0
37193,65.2,34.6
37195,68.9,43.9
37197,65.2,29.2
37199,64.8,51.9
38001,55.3,57.7
38003,56.8,24.3
38005,56.0,29.2
38007,52.0,58.1
38009,54.4,46.7
38011,49.2,59.1
38013,53.6,50.4
38015,55.3,47.8
38017,57.0,40.5
38019,57.4,33.9
38021,57.5,39.7
38023,52.0,58.1
38025,53.5,51.1
38027,56.8,18.6
38029,55.7,40.9
38031,56.7,15.9
38033,52.0,58.1
38035,57.3,33.7
38037,55.3,57.7
38039,56.9,26.9
38041,55.3,57.7
38043,55.8,32.2
38045,57.1,29.8
38047,56.5,36.8
38049,54.4,46.9
38051,56.8,40.6
38053,52.0,58.1
38055,54.6,49.7
38057,54.7,50.9
38059,55.3,57.7
38061,53.7,50.2
38063,57.1,30.5
38065,54.9,52.7
38067,57.4,33.9
38069,54.4,46.9
38071,57.0,22.6
38073,57.2,38.8
38075,54.1,48.1
38077,57.6,53.1
38079,54.4,46.8
38081,57.4,41.9
38083,54.7,50.9
38085,55.3,57.7
38087,49.2,59.1
38089,55.3,57.7
38091,57.0,31.8
38093,56.2,14.0
38095,55.4,42.6
38097,57.1,36.1
38099,57.4,33.9
38101,54.2,47.8
38103,55.4,35.5
38105,52.4,56.4
39001,64.3,38.9
39003,60.9,38.9
39005,60.7,17.4
39007,60.3,27.3
39009,62.6,29.4
39011,61.6,31.7
39013,61.9,26.9
39015,63.8,34.6
39017,63.5,30.4
39019,60.1,7.8
39021,62.1,22.9
39023,62.2,24.2
39025,64.0,37.0
39027,63.0,33.3
39029,60.0,7.5
39031,61.6,26.0
39033,60.9,28.1
39035,61.3,24.7
39037,62.1,23.2
39039,61.0,37.3
39041,61.7,24.0
39043,60.9,28.0
39045,62.2,24.4
39047,62.1,22.1
39049,61.9,19.0
39051,60.4,37.6
39053,64.2,35.2
39055,60.7,17.1
39057,62.7,30.0
39059,62.0,30.6
39061,64.0,35.1
39063,60.6,43.7
39065,61.3,35.5
39067,60.9,19.7
39069,60.8,41.6
39071,63.6,33.9
39073,62.3,27.3
39075,60.9,21.2
39077,60.9,28.9
39079,63.4,32.6
39081,60.3,17.1
39083,61.5,22.1
39085,60.8,18.1
39087,64.4,39.5
39089,62.2,25.5
39091,61.7,31.1
39093,60.9,19.6
39095,60.2,36.5
39097,62.1,21.2
39099,59.9,6.1
39101,61.5,30.3
39103,60.8,17.8
39105,64.0,32.4
39107,62.0,22.6
39109,62.3,26.1
39111,62.6,27.0
39113,62.5,27.7
39115,62.5,31.6
39117,61.5,30.0
39119,62.2,37.5
39121,62.6,31.6
39123,60.4,35.1
39125,61.1,34.7
39127,62.3,30.0
39129,62.0,19.7
39131,63.7,37.2
39133,60.4,12.0
39135,62.8,30.6
39137,60.8,39.8
39139,60.9,13.3
39141,62.8,28.5
39143,60.4,37.6
39145,63.9,39.9
39147,60.6,39.5
39149,61.8,29.1
39151,60.1,8.7
39153,60.7,16.1
39155,59.9,6.5
39157,60.9,19.9
39159,61.7,27.5
39161,61.1,33.8
39163,62.4,27.7
39165,63.1,34.6
39167,63.2,30.2
39169,60.6,15.8
39171,60.6,24.7
39173,60.5,45.1
39175,60.8,38.9
40001,67.4,52.3
40003,63.6,16.5
40005,68.1,58.7
40007,59.7,72.9
40009,63.5,73.2
40011,65.9,47.3
40013,67.7,47.8
40015,64.9,53.7
40017,65.9,47.8
40019,65.8,39.7
40021,67.6,45.9
40023,68.7,59.9
40025,51.5,2.7
40027,66.0,44.9
40029,67.2,48.2
40031,64.7,51.0
40033,65.0,49.1
40035,66.9,43.9
40037,66.8,36.4
40039,64.7,57.1
40041,66.8,47.3
40043,64.9,55.1
40045,63.1,37.5
40047,65.9,47.8
40049,66.0,45.0
40051,65.9,43.9
40053,63.9,21.1
40055,63.9,67.3
40057,64.1,65.1
40059,60.8,46.1
40061,68.0,60.7
40063,67.2,48.5
40065,64.1,65.1
40067,65.9,40.8
40069,67.0,44.7
40071,65.3,28.2
40073,65.9,48.5
40075,63.8,67.0
40077,68.1,51.5
40079,68.0,61.0
40081,66.0,47.4
40083,65.9,48.8
40085,66.7,44.0
40087,66.0,43.9
40089,68.8,60.8
40091,68.1,45.8
40093,64.7,28.1
40095,67.7,46.8
40097,67.0,37.9
40099,66.7,41.9
40101,68.1,42.0
40103,65.9,47.6
40105,67.0,37.8
40107,67.4,41.7
40109,66.0,48.7
40111,67.5,36.2
40113,66.1,22.6
40115,66.7,50.9
40117,66.7,39.6
40119,65.9,47.6
40121,68.1,56.7
40123,66.9,44.2
40125,66.0,46.2
40127,68.2,59.7
40129,63.5,73.2
40131,67.2,28.2
40133,66.8,44.0
40135,67.9,61.3
40137,65.8,39.8
40139,55.5,39.3
40141,64.5,60.3
40143,67.6,17.5
40145,67.5,31.8
40147,66.7,31.1
40149,64.3,62.3
40151,61.9,22.3
40153,61.6,29.8
41001,43.7,47.4
41003,51.4,33.0
41005,52.1,31.0
41007,53.1,23.5
41009,52.6,25.8
41011,50.7,4.9
41013,37.2,60.6
41015,48.4,16.6
41017,51.3,26.0
41019,49.6,9.8
41021,43.6,40.2
41023,40.8,40.6
41025,37.2,60.6
41027,52.1,29.8
41029,47.1,41.8
41031,52.1,31.0
41033,47.5,18.2
41035,45.5,38.1
41037,40.6,52.0
41039,51.4,24.5
41041,51.4,33.8
41043,51.4,34.2
41045,39.6,58.1
41047,51.8,34.6
41049,43.2,37.2
41051,52.4,26.0
41053,51.4,36.5
41055,47.3,45.7
41057,52.2,32.1
41059,43.0,38.0
41061,42.7,31.4
41063,43.5,36.7
41065,52.1,31.0
41067,52.0,31.7
41069,40.7,39.9
41071,51.9,33.2
42001,62.3,34.9
42003,60.5,22.6
42005,59.6,15.0
42007,60.2,15.6
42009,59.9,25.6
42011,62.1,43.0
42013,59.3,19.3
42015,58.7,37.3
42017,62.2,44.5
42019,60.2,16.4
42021,58.8,10.5
42023,57.8,20.6
42025,60.5,46.9
42027,59.6,25.7
42029,62.4,38.3
42031,58.2,14.5
42033,58.6,8.6
42035,58.7,26.5
42037,60.3,44.6
42039,59.5,22.0
42041,62.1,35.1
42043,60.7,41.6
42045,63.1,34.0
42047,57.4,10.8
42049,59.7,39.0
42051,61.0,15.9
42053,57.8,18.8
42055,60.6,33.0
42057,60.4,31.2
42059,61.0,14.6
42061,60.1,28.1
42063,58.6,8.5
42065,57.8,3.3
42067,59.8,27.5
42069,59.4,45.3
42071,62.8,28.8
42073,60.0,12.8
42075,61.5,37.9
42077,61.2,50.0
42079,60.0,45.8
42081,60.0,40.6
42083,56.6,24.6
42085,59.8,14.1
42087,59.7,26.6
42089,60.6,42.0
42091,62.3,41.8
42093,60.3,43.6
42095,61.2,50.0
42097,60.3,44.2
42099,60.9,41.2
42101,62.8,40.0
42103,60.4,48.7
42105,58.1,33.4
42107,60.4,45.9
42109,60.1,40.2
42111,59.6,10.8
42113,59.7,41.1
42115,58.3,39.7
42117,58.8,35.7
42119,60.2,40.5
42121,59.2,14.7
42123,57.9,24.2
42125,60.7,18.9
42127,59.2,44.1
42129,59.7,17.3
42131,59.1,42.6
42133,63.8,27.7
44001,60.6,14.8
44003,60.6,15.4
44005,60.5,13.8
44007,60.5,15.0
44009,60.6,13.4
45001,67.6,60.2
45003,69.1,50.1
45005,71.0,44.2
45007,65.9,59.3
45009,70.1,42.6
45011,69.8,46.6
45013,72.1,35.6
45015,71.2,39.3
45017,69.2,39.8
45019,71.6,38.6
45021,65.6,47.3
45023,67.0,38.1
45025,68.5,46.6
45027,69.7,48.1
45029,71.9,35.4
45031,69.2,52.3
45033,68.9,55.9
45035,71.3,38.7
45037,68.6,52.5
45039,68.1,36.0
45041,69.6,54.9
45043,70.2,48.2
45045,65.8,56.4
45047,68.0,52.1
45049,72.0,36.9
45051,68.9,55.4
45053,72.0,36.9
45055,68.9,45.7
45057,67.8,35.2
45059,66.2,52.6
45061,69.0,48.0
45063,68.7,39.6
45065,68.1,60.3
45067,69.1,56.0
45069,69.0,55.6
45071,68.1,48.4
45073,65.8,59.3
45075,69.5,39.6
45077,65.5,59.1
45079,68.8,41.0
45081,68.3,48.8
45083,65.7,54.3
45085,69.0,46.2
45087,66.9,43.0
45089,69.9,49.4
45091,66.7,35.9
46003,60.1,26.0
46005,59.8,56.5
46007,54.3,59.4
46009,60.6,33.0
46011,59.4,55.6
46013,58.6,59.8
46015,59.2,36.4
46017,60.0,32.4
46019,50.9,40.3
46021,56.9,58.7
46023,60.2,28.3
46025,58.8,59.7
46027,61.5,56.4
46029,58.4,58.9
46031,55.3,57.7
46033,48.4,19.3
46035,60.2,13.4
46037,58.7,59.6
46039,58.9,53.6
46041,55.3,57.7
46043,60.2,24.8
46045,58.9,60.2
46047,49.6,29.8
46049,58.9,60.0
46051,58.2,56.5
46053,58.7,39.8
46055,52.7,55.8
46057,58.8,50.8
46059,59.6,44.9
46061,60.2,18.5
46063,52.7,45.0
46065,59.9,61.2
46067,60.2,27.2
46069,59.5,43.3
46071,53.9,58.6
46073,59.7,36.9
46075,56.3,63.6
46077,59.4,43.1
46079,60.2,35.9
46081,50.6,37.7
46083,60.9,41.6
46085,58.7,42.9
46087,60.3,31.9
46089,57.7,41.0
46091,58.1,57.9
46093,51.3,43.5
46095,56.3,63.6
46097,60.2,30.4
46099,60.4,43.6
46101,59.9,39.2
46102,50.5,37.8
46103,51.8,49.3
46105,52.7,45.0
46107,59.1,60.4
46109,58.2,55.7
46111,60.1,27.5
46115,59.0,60.1
46117,56.3,63.6
46119,59.2,60.5
46121,56.3,63.6
46123,57.6,42.6
46125,60.8,37.0
46127,61.6,57.3
46129,57.1,58.9
46135,61.0,36.2
46137,52.7,55.6
47001,66.5,28.6
47003,67.2,24.5
47005,67.7,42.5
47007,67.0,20.8
47009,66.1,32.0
47011,67.0,20.7
47013,66.3,29.3
47015,66.7,29.6
47017,68.0,55.1
47019,65.0,49.7
47021,66.9,33.7
47023,68.6,56.6
47025,65.3,39.1
47027,66.4,38.2
47029,65.1,47.2
47031,67.2,24.8
47033,68.4,54.2
47035,66.6,25.7
47037,66.6,25.5
47039,68.3,55.9
47041,66.7,31.0
47043,67.0,35.4
47045,68.5,35.8
47047,68.7,42.5
47049,66.7,35.5
47051,67.4,25.9
47053,68.3,54.0
47055,67.7,38.8
47057,65.3,39.1
47059,65.0,48.6
47061,67.0,17.8
47063,65.1,41.3
47065,67.1,22.4
47067,65.0,41.6
47069,68.7,47.8
47071,68.5,55.0
47073,64.8,43.5
47075,68.7,49.8
47077,68.4,56.8
47079,67.8,52.8
47081,67.3,38.0
47083,67.3,38.9
47085,67.6,40.0
47087,66.7,34.1
47089,65.3,39.1
47091,64.7,44.2
47093,66.0,32.3
47095,68.0,38.0
47097,68.5,36.1
47099,67.8,42.2
47101,67.6,38.4
47103,67.7,36.0
47105,66.5,28.5
47107,66.9,21.5
47109,68.6,54.6
47111,66.8,39.4
47113,68.6,58.5
47115,67.4,20.5
47117,67.5,34.3
47119,67.4,34.1
47121,66.9,21.4
47123,66.7,23.0
47125,67.3,39.3
47127,67.3,25.6
47129,66.6,28.1
47131,67.9,42.9
47133,66.4,34.6
47135,68.2,55.0
47137,66.4,35.1
47139,66.9,19.8
47141,66.7,32.5
47143,66.9,21.3
47145,66.6,28.2
47147,66.9,36.9
47149,66.7,30.6
47151,66.3,29.3
47153,67.0,20.6
47155,65.5,41.4
47157,68.7,34.4
47159,66.8,36.1
47161,67.4,40.4
47163,63.4,57.7
47165,66.8,36.5
47167,68.5,34.9
47169,66.8,36.6
47171,64.9,51.0
47173,65.5,36.9
47175,66.7,24.8
47177,67.2,24.6
47179,65.0,49.8
47181,68.3,53.2
47183,67.9,54.7
47185,66.7,24.7
47187,66.7,29.7
47189,66.7,31.7
48001,70.2,55.4
48003,57.7,76.6
48005,71.2,50.2
48007,74.7,35.2
48009,65.3,53.2
48011,57.4,63.7
48013,69.3,37.0
48015,73.5,39.9
48017,56.3,58.5
48019,69.1,35.5
48021,69.7,41.3
48023,64.4,60.7
48025,74.2,34.8
48027,67.6,49.3
48029,69.6,37.8
48031,68.9,39.3
48033,59.0,63.9
48035,67.9,52.5
48037,69.9,55.3
48039,73.6,41.8
48041,69.7,40.2
48043,57.3,76.7
48045,57.8,60.3
48047,73.1,45.8
48049,64.4,63.0
48051,69.5,41.3
48053,67.9,44.9
48055,70.6,40.4
48057,74.5,49.7
48059,63.4,70.4
48061,74.1,47.4
48063,70.0,48.9
48065,57.0,67.3
48067,70.0,52.1
48069,56.9,60.8
48071,73.4,38.6
48073,71.0,46.0
48075,60.7,70.7
48077,66.0,46.7
48079,56.1,62.3
48081,62.2,72.8
48083,63.2,70.9
48085,67.5,40.1
48087,60.6,70.5
48089,73.7,44.2
48091,69.4,35.7
48093,66.4,57.8
48095,63.2,49.6
48097,66.9,43.3
48099,67.7,50.0
48101,61.1,62.4
48103,58.3,76.8
48105,62.7,62.1
48107,58.7,51.6
48109,55.9,76.3
48111,53.0,20.6
48113,67.7,41.5
48115,58.6,67.7
48117,56.6,61.9
48119,68.2,47.4
48121,67.2,42.2
48123,72.8,47.2
48125,58.7,51.6
48127,68.2,36.2
48129,59.3,69.4
48131,73.8,37.5
48133,64.7,62.2
48135,58.5,76.8
48137,65.7,19.4
48139,67.9,45.7
48141,50.4,54.0
48143,67.9,47.6
48145,68.1,53.7
48147,67.7,46.0
48149,73.6,43.7
48151,63.2,70.9
48153,58.1,56.9
48155,64.4,60.7
48157,73.5,38.7
48159,69.9,49.7
48161,69.3,50.5
48163,69.1,36.0
48165,58.5,69.3
48167,73.7,39.7
48169,58.7,51.6
48171,66.9,19.6
48173,59.8,75.6
48175,74.2,39.3
48177,71.0,41.7
48179,57.0,67.3
48181,67.5,40.8
48183,70.4,47.5
48185,72.1,33.2
48187,69.4,36.2
48189,57.6,57.1
48191,59.6,64.0
48193,67.7,50.5
48195,57.0,67.3
48197,64.3,62.3
48199,72.9,41.6
48201,72.9,26.7
48203,70.4,44.9
48205,54.0,31.3
48207,64.2,62.2
48209,69.0,38.9
48211,60.3,70.3
48213,69.2,48.5
48215,72.9,55.7
48217,68.2,51.0
48219,57.6,54.7
48221,67.8,46.5
48223,68.7,48.0
48225,71.7,43.1
48227,60.0,69.4
48229,52.2,63.1
48231,67.5,40.3
48233,57.0,67.3
48235,62.1,59.4
48237,66.7,44.5
48239,74.2,50.7
48241,72.1,47.3
48243,57.3,76.7
48245,73.8,45.3
48247,73.0,46.6
48249,73.1,41.3
48251,67.8,46.1
48253,63.6,69.9
48255,70.9,41.6
48257,67.8,44.7
48259,69.3,35.9
48261,74.3,40.0
48263,60.9,59.9
48265,66.7,18.9
48267,63.9,4.3
48269,61.1,60.8
48271,66.2,26.1
48273,74.3,34.4
48275,64.5,59.1
48277,68.5,52.5
48279,57.1,58.5
48281,67.5,48.5
48283,70.3,40.1
48285,73.0,48.4
48287,69.2,42.3
48289,70.7,46.3
48291,72.7,35.9
48293,68.1,50.3
48295,60.0,71.3
48297,74.0,35.9
48299,66.6,25.8
48301,57.0,76.5
48303,58.7,51.6
48305,58.8,58.6
48307,63.3,42.1
48309,68.5,56.3
48311,70.6,40.9
48313,71.0,43.7
48315,70.2,48.1
48317,58.7,72.1
48319,64.3,26.0
48321,74.3,52.2
48323,67.0,32.6
48325,68.6,33.9
48327,63.4,25.4
48329,59.3,76.4
48331,67.8,51.4
48333,66.6,55.5
48335,61.9,73.1
48337,66.6,44.6
48339,72.6,31.6
48341,55.1,45.0
48343,69.9,50.4
48345,58.0,58.0
48347,71.1,46.5
48349,68.0,48.0
48351,72.7,47.4
48353,63.2,71.1
48355,74.5,31.5
48357,57.0,67.3
48359,54.9,47.4
48361,73.5,48.4
48363,66.3,49.9
48365,70.5,44.5
48367,67.6,45.2
48369,56.3,61.1
48371,58.2,76.8
48373,72.2,43.2
48375,57.0,67.3
48377,57.3,76.7
48379,67.5,40.4
48381,57.0,63.9
48383,60.9,74.9
48385,66.0,20.0
48387,69.0,60.6
48389,57.0,76.5
48391,74.5,36.7
48393,57.0,67.3
48395,69.2,44.7
48397,67.5,39.9
48399,63.2,57.6
48401,70.8,43.2
48403,71.0,43.8
48405,71.1,45.4
48407,72.4,38.0
48409,74.4,33.2
48411,66.4,32.9
48413,63.1,44.6
48415,60.6,65.8
48417,64.0,65.0
48419,70.9,42.8
48421,54.2,34.5
48423,70.8,43.3
48425,67.9,47.9
48427,73.0,53.2
48429,65.0,57.9
48431,61.8,73.4
48433,61.6,62.6
48435,64.0,31.7
48437,57.1,60.7
48439,67.5,43.4
48441,63.4,70.4
48443,66.1,32.5
48445,58.9,60.4
48447,64.4,60.4
48449,69.9,50.4
48451,62.7,69.6
48453,68.7,40.0
48455,71.6,44.8
48457,72.1,48.5
48459,70.0,47.2
48461,59.5,75.9
48463,68.2,35.6
48465,65.5,23.2
48467,67.5,40.4
48469,73.5,48.8
48471,72.0,36.2
48473,73.3,35.7
48475,57.3,76.6
48477,72.9,32.1
48479,72.6,44.0
48481,73.8,46.6
48483,60.4,70.4
48485,65.0,53.0
48487,64.6,59.1
48489,74.1,47.3
48491,67.9,45.5
48493,69.4,36.9
48495,57.3,76.7
48497,67.0,43.8
48499,69.3,43.7
48501,57.7,62.3
48503,65.3,54.8
48505,72.5,53.0
48507,68.2,35.9
49001,36.8,72.6
49003,42.0,42.4
49005,41.9,42.3
49007,36.2,0.0
49009,34.2,62.3
49011,41.9,39.1
49013,39.4,18.9
49015,36.2,0.0
49017,37.9,29.8
49019,39.0,45.5
49021,36.8,72.6
49023,43.5,26.9
49025,38.0,30.5
49027,34.2,71.2
49029,42.0,38.7
49031,36.8,72.6
49033,40.4,28.6
49035,42.5,29.1
49037,38.6,0.0
49039,38.6,8.7
49041,36.5,32.8
49043,40.8,28.1
49045,42.3,36.1
49047,37.9,32.6
49049,40.4,23.7
49051,40.2,23.0
49053,36.8,72.6
49055,37.4,0.0
49057,41.6,41.6
50001,57.2,29.5
50003,59.1,29.5
50005,56.8,34.8
50007,57.4,27.1
50009,56.7,28.3
50011,57.2,30.5
50013,57.3,30.1
50015,56.8,30.2
50017,56.6,35.5
50019,56.8,30.5
50021,57.4,29.2
50023,56.3,34.6
50025,58.4,25.9
50027,56.9,37.2
51001,67.3,39.8
51003,65.4,37.5
51005,62.9,47.5
51007,66.0,39.3
51009,63.4,52.7
51011,64.4,49.1
51013,64.6,24.5
51015,62.6,48.7
51017,62.6,47.8
51019,64.0,49.1
51021,62.4,39.0
51023,63.2,47.4
51025,66.9,31.8
51027,63.1,39.3
51029,64.6,43.7
51031,64.2,53.9
51033,66.2,22.5
51035,63.3,36.6
51036,67.0,35.2
51037,64.7,46.5
51041,66.8,30.6
51043,63.3,35.7
51045,62.9,45.6
51047,64.9,22.5
51049,65.4,36.4
51051,63.2,39.4
51053,67.0,35.9
51057,66.2,21.8
51059,64.3,25.2
51061,64.7,22.0
51063,64.1,41.3
51065,65.5,35.5
51067,64.0,43.1
51069,63.2,38.4
51071,62.5,46.6
51073,67.8,45.9
51075,65.7,31.1
51077,63.2,37.1
51079,64.7,34.8
51081,67.2,39.6
51083,64.8,44.3
51085,66.2,21.2
51087,66.5,25.1
51089,64.5,38.7
51091,62.1,46.9
51093,67.9,43.9
51095,67.3,43.2
51097,66.6,29.6
51099,65.8,23.3
51101,66.5,27.5
51103,67.3,40.9
51105,65.0,42.2
51107,63.6,28.2
51109,65.5,22.4
51111,65.7,35.9
51113,64.2,31.9
51115,67.9,44.8
51117,65.9,35.3
51119,67.4,42.4
51121,62.9,46.1
51125,64.4,46.0
51127,66.9,34.5
51131,68.1,41.6
51133,67.2,37.0
51135,65.9,41.5
51137,65.4,22.9
51139,64.0,33.4
51141,64.4,39.0
51143,64.2,44.8
51145,65.7,31.0
51147,64.6,43.1
51149,67.0,36.0
51153,64.9,22.3
51155,62.9,38.6
51157,64.1,32.4
51159,66.2,21.5
51161,63.0,44.7
51163,63.1,49.8
51165,62.0,39.3
51167,60.9,45.4
51169,64.7,44.3
51171,62.3,39.4
51173,61.9,43.5
51175,67.9,43.5
51177,65.5,23.2
51179,65.4,24.2
51181,67.8,45.4
51183,67.2,39.7
51185,62.5,38.3
51187,63.8,34.6
51191,62.0,51.2
51193,65.8,27.8
51195,62.8,46.2
51197,63.0,38.2
51199,67.8,46.9
51510,64.6,24.4
51520,62.2,52.1
51530,63.2,50.8
51540,65.4,36.7
51550,68.0,34.2
51570,66.8,32.3
51580,62.9,47.6
51590,65.6,36.1
51595,67.2,39.6
51600,64.2,24.8
51610,64.4,25.2
51620,67.9,43.2
51630,65.3,23.6
51640,63.3,36.6
51650,68.1,41.2
51660,62.2,51.1
51670,66.8,31.9
51678,63.1,50.0
51680,64.2,56.0
51683,64.7,21.9
51685,64.7,21.7
51690,64.4,40.0
51700,67.8,48.6
51710,68.0,39.4
51720,64.6,47.0
51730,66.9,33.9
51735,68.0,44.7
51740,68.0,39.5
51750,62.7,46.6
51760,66.3,24.7
51770,63.2,42.7
51775,63.2,43.3
51790,62.6,48.9
51800,68.0,40.9
51810,67.9,28.9
51820,62.8,49.6
51830,67.8,46.6
51840,63.2,38.1
53001,44.1,33.0
53003,44.6,44.6
53005,44.9,54.8
53007,47.7,17.4
53009,52.2,28.6
53011,52.4,26.8
53013,44.5,40.2
53015,52.1,27.2
53017,44.3,32.7
53019,44.2,28.8
53021,43.8,39.4
53023,44.5,42.8
53025,44.4,34.8
53027,52.0,26.6
53029,52.1,21.9
53031,51.9,19.0
53033,51.7,14.9
53035,51.6,14.6
53037,46.0,34.0
53039,47.2,47.4
53041,51.5,25.3
53043,44.1,28.6
53045,51.5,24.9
53047,44.0,23.3
53049,52.5,25.0
53051,44.3,29.0
53053,51.6,19.2
53055,52.5,31.3
53057,52.3,25.7
53059,50.8,33.6
53061,52.0,19.3
53063,44.4,28.1
53065,44.2,28.9
53067,51.4,27.7
53069,52.6,26.1
53071,44.3,41.9
53073,52.4,29.2
53075,44.0,35.5
53077,46.2,49.4
54001,61.2,29.4
54003,62.4,48.1
54005,63.3,36.0
54007,62.6,32.2
54009,60.7,17.3
54011,64.0,40.1
54013,63.0,30.2
54015,63.1,31.3
54017,61.9,25.7
54019,62.2,38.7
54021,62.7,31.7
54023,61.3,33.5
54025,62.5,38.8
54027,62.2,39.5
54029,60.2,15.9
54031,61.5,36.2
54033,61.6,24.6
54035,64.1,31.0
54037,63.0,41.7
54039,64.1,28.1
54041,61.5,28.4
54043,63.8,37.6
54045,63.3,38.2
54047,62.8,39.6
54049,61.1,19.9
54051,60.9,15.9
54053,64.2,33.2
54055,62.2,39.9
54057,61.5,33.5
54059,63.4,39.0
54061,61.4,13.5
54063,62.5,46.5
54065,62.2,42.3
54067,62.0,37.0
54069,60.8,17.0
54071,61.1,35.9
54073,62.8,27.4
54075,61.2,43.1
54077,61.1,19.8
54079,64.3,31.4
54081,61.6,41.9
54083,60.7,37.8
54085,63.0,30.6
54087,63.3,29.8
54089,62.0,40.8
54091,61.0,22.9
54093,61.0,33.0
54095,62.6,24.8
54097,61.2,31.8
54099,64.0,41.5
54101,61.7,38.2
54103,61.9,20.4
54105,63.4,29.5
54107,63.3,29.8
54109,62.5,39.9
55001,58.3,19.6
55003,54.1,41.9
55005,58.8,42.1
55007,54.0,40.6
55009,58.9,50.9
55011,59.4,50.0
55013,57.4,39.7
55015,59.3,37.3
55017,58.0,36.5
55019,57.9,21.2
55021,59.9,20.1
55023,60.6,44.4
55025,59.9,22.4
55027,59.5,25.9
55029,58.0,34.2
55031,54.0,40.9
55033,58.6,43.2
55035,58.6,38.5
55037,56.5,40.9
55039,59.4,30.0
55041,57.9,32.7
55043,60.7,45.4
55045,60.5,28.2
55047,59.5,29.4
55049,60.6,32.2
55051,54.1,41.9
55053,59.1,30.2
55055,59.9,17.9
55057,59.5,23.1
55059,60.0,21.2
55061,58.5,41.6
55063,60.3,44.8
55065,60.7,35.1
55067,57.8,32.8
55069,57.5,29.4
55071,59.1,36.5
55073,57.3,32.6
55075,58.2,47.0
55077,58.6,21.2
55078,58.1,35.7
55079,59.5,13.4
55081,59.4,33.6
55083,58.3,47.8
55085,57.4,23.9
55087,58.5,41.9
55089,59.4,25.2
55091,59.1,49.1
55093,58.9,41.0
55095,58.9,41.0
55097,57.8,27.3
55099,57.7,28.9
55101,59.8,17.4
55103,60.5,41.8
55105,60.1,17.4
55107,57.9,31.6
55109,59.0,41.2
55111,60.4,37.4
55113,56.9,31.6
55115,58.1,36.0
55117,59.2,29.6
55119,57.8,27.1
55121,59.3,37.4
55123,59.9,33.1
55125,55.4,36.2
55127,60.0,15.9
55129,57.1,45.7
55131,59.5,24.0
55133,59.8,14.8
55135,58.1,33.9
55137,58.0,30.3
55139,58.7,41.6
55141,58.2,16.2
56001,41.5,62.3
56003,47.1,52.5
56005,46.7,44.4
56007,40.8,44.2
56009,43.9,61.7
56011,48.2,32.8
56013,38.5,60.6
56015,47.6,66.0
56017,39.2,74.1
56019,46.0,58.1
56021,44.9,65.2
56023,35.2,18.1
56025,42.0,70.0
56027,50.0,38.8
56029,45.9,37.6
56031,45.7,64.7
56033,47.7,60.2
56035,36.1,21.8
56037,34.9,57.5
56039,35.5,0.0
56041,39.6,45.4
56043,43.5,67.6
56045,48.0,27.4
